CREATE TABLE movies (
    movie_id INT PRIMARY KEY,
    title VARCHAR(200),
    type ENUM('Movie', 'TV Show'),
    release_year INT,
    age_rating VARCHAR(10),
    duration VARCHAR(20),
    description TEXT
);

INSERT INTO movies (movie_id, title, type, release_year, age_rating, duration, description) VALUES
(1, 'Sea', 'TV Show', 1985, 'NC-17', '8 Seasons', 'Sign measure doctor strong room real. New option where full college find.'),
(2, 'Herself meeting control', 'Movie', 2008, 'PG-13', '2h 19m', 'Item wonder we last budget break.
At address guess they. List color live worker clearly. Discuss change consider each wall.'),
(3, 'Break they', 'TV Show', 2024, 'TV-G', '4 Seasons', 'Audience out know. Right model Republican central.'),
(4, 'Decision language', 'Movie', 1996, 'R', '3h 7m', 'Fear small red. Share sport debate west difficult receive gun. Long stock cold hospital country. Should matter may whatever man during tax sound.'),
(5, 'Chair do tax', 'Movie', 1988, 'PG', '1h 56m', 'Particular wife event make example join mother government. Better care lawyer detail avoid.'),
(6, 'Tax provide drive', 'TV Show', 1980, 'TV-14', '10 Seasons', 'Them worker way catch. Former blood believe while natural population.
Expect size accept task figure set.'),
(7, 'Politics experience', 'TV Show', 1995, 'R', '8 Seasons', 'Investment house movement civil plant someone section. Television read religious law fight teacher. Order sometimes personal right room help.'),
(8, 'Commercial her write', 'TV Show', 1991, 'TV-Y', '7 Seasons', 'Hospital government suddenly hope. Southern letter down follow personal situation doctor involve.'),
(9, 'Site chance tough', 'Movie', 2023, 'TV-G', '2h 38m', 'Leader fill interest month management. Read question law.'),
(10, 'Amount nice', 'TV Show', 2006, 'TV-MA', '10 Seasons', 'Positive her money firm true air. Perhaps forget which hundred candidate church look significant.
Pattern past score will discussion whatever.'),
(11, 'Change our throw', 'TV Show', 1982, 'G', '10 Seasons', 'Would identify exactly catch will young.
Collection right raise look. Year speak a song choice. Response attention subject southern be.'),
(12, 'Across', 'Movie', 2020, 'PG', '3h 21m', 'Right own reason science sometimes spring. All certainly long ago energy probably. Civil east together sign large list modern. Ground popular cold.'),
(13, 'Build really stop', 'TV Show', 2017, 'TV-PG', '5 Seasons', 'Season together total threat glass good. Its impact indicate last. Night even fall we.
Last author nice sense chair. Sound since reveal arm.'),
(14, 'Hope pass thank', 'TV Show', 1980, 'TV-MA', '4 Seasons', 'Simply for hospital live thousand today participant. Fish poor officer education effect treat culture. Owner test seven much avoid meeting family he.'),
(15, 'Sign education', 'Movie', 1996, 'TV-Y', '1h 11m', 'Product either heart must.
Evening family growth employee both. Military education make bit remain. And game food real.'),
(16, 'Human happy', 'Movie', 2023, 'PG-13', '3h 25m', 'Arm hotel quality then nor plan. Debate idea score though price.
Child card teacher exist. Book yes east everybody.'),
(17, 'Fact summer', 'Movie', 1988, 'TV-MA', '1h 53m', 'Defense memory defense all security any within. His environmental nice technology.'),
(18, 'Fund present shake', 'TV Show', 2023, 'G', '1 Seasons', 'Include same tax box car by kitchen. Medical to stage try executive city blood another. Behavior either important compare owner guy difference.'),
(19, 'Draw pass deal', 'Movie', 2007, 'PG-13', '3h 38m', 'View risk thought staff later matter image. Dark skin foreign too its central. Suddenly not same measure.'),
(20, 'Friend activity your', 'TV Show', 2012, 'PG-13', '2 Seasons', 'Anything check building tend bring. Beyond big require natural their great run. So into house win allow story.'),
(21, 'Training offer', 'TV Show', 1999, 'TV-14', '4 Seasons', 'Speak become movie stuff close. Book action west Congress line least. Suffer like bring technology.'),
(22, 'Maintain value loss', 'TV Show', 1990, 'TV-G', '2 Seasons', 'Peace share two something. About cold speech month well party tell environmental.
General try ask school nation.'),
(23, 'Care high program', 'Movie', 1992, 'TV-14', '2h 28m', 'Area church gun skill. Economy official investment partner listen four.
Into however foreign firm take partner. Education work record.'),
(24, 'Read', 'Movie', 2018, 'TV-G', '3h 19m', 'Specific pressure always oil small year.
Dark whom hope benefit store president bag. Hear special marriage article.'),
(25, 'Less size', 'TV Show', 2004, 'PG-13', '1 Seasons', 'Than room enough senior appear top policy. Should different mention moment. Inside person should easy.'),
(26, 'Game other', 'TV Show', 1999, 'PG', '6 Seasons', 'Trade computer window management. Image one thank special. Either four campaign generation.'),
(27, 'Suddenly thought expect manage', 'Movie', 1982, 'TV-Y7', '3h 4m', 'Particularly civil fine when cell once catch. Cold water ten.'),
(28, 'Note big', 'TV Show', 2005, 'TV-Y7', '2 Seasons', 'Argue activity the. Drug line system. Two it summer.
Painting let instead when military hour certainly. Dark between over until feel vote issue.'),
(29, 'Add', 'TV Show', 2013, 'TV-Y7', '2 Seasons', 'Man happy expect so including. Street information as near should mother.'),
(30, 'News else', 'TV Show', 1993, 'TV-14', '1 Seasons', 'Receive reduce amount. Particular interest best husband risk effect air.'),
(31, 'Building word wrong', 'TV Show', 2011, 'PG-13', '2 Seasons', 'View public author chance. Yourself today assume close. I television director fund child.'),
(32, 'From many special partner', 'Movie', 1983, 'R', '3h 49m', 'Firm fund character deal interesting. Ground girl not vote let today.
Difference mention fish student list thought accept.'),
(33, 'Everyone only', 'Movie', 1982, 'G', '2h 56m', 'Fund more piece serve project national. Well early today population everyone attack speak. Not capital mission such.'),
(34, 'Movement win', 'Movie', 1982, 'R', '2h 36m', 'Catch support bad him enough. Short important ok kitchen.'),
(35, 'Behavior night book', 'TV Show', 2007, 'TV-PG', '8 Seasons', 'Trouble environment education less. Whole themselves again fight statement. Issue world nothing source summer form list.'),
(36, 'Allow', 'Movie', 2016, 'G', '1h 8m', 'Allow able production major wind perhaps. Reason offer travel including find age available home. Success ready answer always defense maintain put.'),
(37, 'Another maintain opportunity have', 'TV Show', 2008, 'PG-13', '9 Seasons', 'Join challenge bring best cost my.
Wrong office able here less five. Mission tough firm them phone almost full.'),
(38, 'Figure allow drive', 'TV Show', 2001, 'TV-Y', '4 Seasons', 'Community four international certainly interesting as. Clearly go but single language moment weight.'),
(39, 'Structure those lawyer agree', 'Movie', 2018, 'TV-G', '3h 22m', 'Win American decade sense week peace. Trouble realize contain ready.'),
(40, 'Item indicate', 'Movie', 2020, 'PG-13', '1h 28m', 'Eat wish light hot offer police. Since all join audience. Travel response group visit shake.'),
(41, 'Together but yet picture', 'Movie', 2008, 'TV-PG', '2h 21m', 'Of civil speech. Run candidate believe party discuss husband. Base tough far she Mr.'),
(42, 'Form listen among', 'Movie', 1994, 'TV-MA', '1h 42m', 'Floor green discover. Type sound Mrs land.
Standard evening rather future. Foot remain budget seem.'),
(43, 'Few three write', 'TV Show', 1997, 'TV-PG', '4 Seasons', 'Job similar adult event. Laugh military author artist him. Expert bar opportunity raise build everybody office.'),
(44, 'Happy situation food', 'Movie', 1990, 'TV-Y7', '1h 5m', 'Top open street sense computer mission. With and say.
Natural response late news into history. Plan structure pressure reason card main.'),
(45, 'Ready business station', 'Movie', 2010, 'NC-17', '1h 55m', 'Military final hour scientist pull measure notice professor. Plant job better truth four. Probably see budget marriage four police research.'),
(46, 'Beat win town', 'Movie', 2001, 'NC-17', '2h 7m', 'For find girl myself officer trade during. Resource challenge someone history build turn common.
Nor to wide better open.'),
(47, 'Thank place', 'TV Show', 2016, 'TV-14', '9 Seasons', 'Food citizen middle get contain. General sit these man describe between keep full.'),
(48, 'Why', 'TV Show', 1987, 'TV-PG', '2 Seasons', 'Someone return lead still would sound.
Cover note even up wonder raise growth. Good better son development police share. Note offer choice have fly.'),
(49, 'Form opportunity', 'TV Show', 2023, 'TV-Y', '2 Seasons', 'Focus impact agree nature. Report suddenly his town else. Age friend when activity lay agreement.'),
(50, 'Practice building gun', 'TV Show', 2013, 'NC-17', '10 Seasons', 'Put size rich. Cover many rock friend particular.
Power story southern player just. Focus important available gas deep that. Pressure deal north.'),
(51, 'Spend', 'Movie', 1994, 'NC-17', '2h 41m', 'Factor central yard build the by set morning. Thank yourself study herself knowledge. Player usually oil bring capital. American operation expert.'),
(52, 'Such', 'TV Show', 1991, 'R', '1 Seasons', 'Individual idea poor report within degree. Seem grow parent mission public company general. Forget accept range.'),
(53, 'Power eat oil', 'TV Show', 2016, 'PG-13', '10 Seasons', 'Over general director fly figure my case. Relationship activity yet during land. Certain member imagine then war gas culture apply.'),
(54, 'Floor offer', 'TV Show', 2012, 'NC-17', '3 Seasons', 'Book song occur bill do change door. Future tell sport character. Blue voice somebody morning example role list.'),
(55, 'Drug quality', 'Movie', 2004, 'G', '2h 17m', 'Executive land from moment idea. Than order condition later fill us knowledge. Those help side score.'),
(56, 'Card professor special', 'TV Show', 2009, 'PG-13', '8 Seasons', 'Rich forward discuss name. Baby bar vote police fight benefit suggest. Fund whether poor. Authority kid herself travel power never.'),
(57, 'Region out', 'Movie', 1990, 'TV-MA', '1h 13m', 'Trip upon miss issue part director. Such down remain laugh.
Kind again movement our condition season. Later practice interesting someone region.'),
(58, 'First without sign', 'TV Show', 1985, 'TV-MA', '8 Seasons', 'Require police success join investment party. Manager upon everyone whose.'),
(59, 'Something action wear', 'Movie', 2015, 'TV-PG', '2h 43m', 'Speak thank situation along feel red. Likely media system.
Common lot drop news ahead. Degree door before compare.'),
(60, 'Middle apply area', 'TV Show', 1983, 'TV-14', '3 Seasons', 'Report strategy establish walk popular happy. Without to in enter like vote. Treatment others best.'),
(61, 'Analysis maintain team', 'Movie', 2010, 'TV-Y7', '1h 21m', 'Boy kind every back from science full. Parent they certainly phone that continue price.'),
(62, 'Forget hour decision second', 'Movie', 2024, 'TV-Y7', '1h 49m', 'Land product large local who. Scientist among since himself throw cover. Least us make which cell hope expert option.'),
(63, 'Natural author', 'Movie', 1997, 'R', '3h 33m', 'Physical in particular produce election. Chair relationship brother middle should accept. System western scientist analysis total cause dog.'),
(64, 'Arrive better', 'Movie', 2005, 'TV-14', '1h 6m', 'Try agree pass lay. Argue rich people often usually great former. Sister that population director local condition experience shake.'),
(65, 'Rich hot', 'Movie', 2022, 'R', '3h 49m', 'Hospital plan quality least pay. Send near school high among. Third job church explain.
Suggest put once. Key rate ready foot table.'),
(66, 'Example fly I firm', 'Movie', 2006, 'G', '1h 2m', 'Total study eye begin might town six. Industry nice ask particular official. Field base scene specific character peace possible stage.'),
(67, 'Program', 'Movie', 1989, 'TV-MA', '1h 46m', 'Someone long be dream everything. As nice rather remember run. Citizen notice source service.'),
(68, 'Show', 'TV Show', 2008, 'TV-Y', '10 Seasons', 'Today assume type across sense. The baby weight close how year although. Team late who fund decide high protect.'),
(69, 'Employee report', 'Movie', 2022, 'TV-G', '3h 55m', 'Plant plant exactly player. Continue cold put beat guy who vote. Five bill piece clear ask.'),
(70, 'Add nation fast', 'TV Show', 1990, 'TV-Y', '7 Seasons', 'Decision seat man true learn voice. Civil view career suffer special.'),
(71, 'Family area nor', 'TV Show', 2015, 'PG-13', '2 Seasons', 'Lose during the final phone decision smile thus. Set almost provide spring win huge.'),
(72, 'Peace owner', 'TV Show', 2011, 'NC-17', '3 Seasons', 'Head happy follow race section price. Ball dark opportunity few mean. Oil large wish party television lay. Event usually able firm human.'),
(73, 'Foot agency want', 'TV Show', 2005, 'TV-Y', '6 Seasons', 'Democratic true ahead factor citizen price. Fly return billion might. Pay term newspaper model. Worker food accept.'),
(74, 'Budget language', 'TV Show', 1997, 'TV-Y', '7 Seasons', 'Others term participant a tend his. Outside Mrs bar.
Less ahead billion then wear evidence exist hospital. It why level trip.'),
(75, 'Ever both', 'TV Show', 1982, 'TV-Y7', '6 Seasons', 'Can prevent practice move recognize raise. Usually hand art teach.'),
(76, 'Game end important near', 'Movie', 1991, 'TV-MA', '3h 37m', 'Tend material experience.
Popular agree sign affect tend add. Much day top.'),
(77, 'Service language outside', 'Movie', 1990, 'TV-14', '2h 25m', 'Half reason attorney forward. Would officer sister question. Information environment ten reality approach never maybe.'),
(78, 'Defense into', 'Movie', 1987, 'TV-G', '3h 53m', 'Wait station remember. Realize want foreign trade or worker modern. Less list look pull land act too.'),
(79, 'Maintain fly', 'TV Show', 2003, 'R', '7 Seasons', 'Top admit must. Do fish meeting police tonight decision fund. His rate history help.'),
(80, 'Apply capital do', 'TV Show', 2017, 'TV-G', '10 Seasons', 'Section loss light hit general avoid identify training. Let paper conference really try service energy.'),
(81, 'Who your', 'TV Show', 2014, 'NC-17', '5 Seasons', 'History want let drop degree. Walk most dog democratic room sit. Kitchen whatever change natural.'),
(82, 'Other else', 'TV Show', 1989, 'TV-Y', '3 Seasons', 'We him newspaper choose police positive foot. Charge miss wall while someone. Such certain leg appear computer. Protect power less everyone actually.'),
(83, 'Pass from', 'TV Show', 2015, 'PG', '10 Seasons', 'Relate item put training condition cover after. However third forget course human. Author part same be visit east family easy.'),
(84, 'Final author', 'TV Show', 2005, 'TV-Y', '2 Seasons', 'Including none already accept.
When your where. Audience PM society art.'),
(85, 'All condition old', 'TV Show', 2016, 'G', '6 Seasons', 'Consumer down budget. Should recently wind others language case either.'),
(86, 'Former tree less', 'TV Show', 1988, 'TV-14', '3 Seasons', 'Whatever town employee by tough. Standard interview fund.'),
(87, 'Paper', 'TV Show', 2014, 'G', '7 Seasons', 'Try partner environment white. Process month bag.
Recognize data group beautiful not. Might total door worry wait glass.'),
(88, 'Push particularly', 'Movie', 1994, 'PG', '2h 36m', 'Stay person far far we foreign. Red after near shoulder however stock.
Woman world very page get.'),
(89, 'Turn hit', 'TV Show', 1982, 'NC-17', '1 Seasons', 'Both go research road military. Because place final expect put pattern control.
Order at fall base. Program low cut say buy energy production.'),
(90, 'Behind special', 'TV Show', 2024, 'TV-MA', '2 Seasons', 'Professor strong purpose bit she statement notice. Mrs third federal remain soldier painting.'),
(91, 'Without seven establish', 'TV Show', 1993, 'PG-13', '3 Seasons', 'Yes organization high call dinner beautiful. Value until year capital.'),
(92, 'Red major everybody', 'TV Show', 2010, 'PG-13', '5 Seasons', 'Catch recognize strong very cut bed TV. Economic land office actually line article claim. Five cause party daughter center PM.'),
(93, 'Social recognize have', 'TV Show', 2014, 'R', '8 Seasons', 'I position with time citizen believe.
Add decision speech be. Bag generation loss now fear.'),
(94, 'Popular', 'TV Show', 1999, 'R', '7 Seasons', 'Require same claim expect necessary management. Opportunity not would candidate Congress.
In conference should building wonder up.'),
(95, 'Technology range someone', 'Movie', 2001, 'G', '3h 58m', 'Rule financial through reality moment this. Age yard boy. Sense would then admit chance.'),
(96, 'Specific go design', 'Movie', 2013, 'R', '3h 34m', 'Morning fast simply national human leader. Compare material green especially certainly very case.'),
(97, 'Few fast kitchen', 'Movie', 2007, 'R', '1h 21m', 'Interview cover authority recently. Wind ability growth tough nature leg. Trade cut quality four.'),
(98, 'Dream their social national', 'Movie', 1993, 'NC-17', '3h 20m', 'Party executive above hold throughout hope land. Human head world thus treatment.'),
(99, 'Consumer physical former', 'TV Show', 1988, 'TV-Y7', '7 Seasons', 'Tough opportunity history girl. Than prepare community attention main yet phone thousand.'),
(100, 'Husband professional part', 'Movie', 1980, 'G', '2h 46m', 'Word west west available. Fill maintain yeah more same resource name.
Talk change mouth. Attorney prepare positive strong let pick. Name than space.'),
(101, 'Control place', 'TV Show', 1990, 'G', '5 Seasons', 'Minute seek late give debate data. Word course skin home compare half thousand sometimes.'),
(102, 'Only quality democratic', 'Movie', 1984, 'R', '3h 38m', 'Decide unit here collection from. Wear arm must watch speech bit.
Table under official everyone class message our. Seek under bed statement.'),
(103, 'Actually yes month', 'TV Show', 1981, 'TV-G', '6 Seasons', 'Pick off mind make issue box cold. Body thus out all truth pay lose. Reveal south take least.'),
(104, 'Painting approach theory', 'Movie', 2012, 'TV-14', '1h 11m', 'Eight nice practice could. Establish fish which ask film choose. Seat six forward at.'),
(105, 'Every need feel', 'Movie', 2020, 'PG', '1h 48m', 'Relationship service education image behavior identify. Consumer indeed fly task notice long.'),
(106, 'Ten everyone', 'Movie', 1991, 'PG-13', '2h 43m', 'Size senior catch modern spring who have one. Seek record quality sure Republican box. Big all approach side price agency sense couple.'),
(107, 'Everyone as', 'Movie', 1996, 'TV-MA', '1h 49m', 'Play meeting surface. Sure bit thing guy.
Stand skin relate beat.
Still agree will. Green few wonder suffer change or.'),
(108, 'Mother low', 'TV Show', 2006, 'TV-14', '4 Seasons', 'Trade instead compare economic respond control. Increase important box well seem small.
Anything receive miss fact. Say song occur daughter main.'),
(109, 'Anything company', 'Movie', 1989, 'R', '1h 56m', 'Black degree since beat. Soldier budget sure oil plant. Kid hear rate beyond the. Yet other describe necessary run drug.'),
(110, 'It letter a front', 'TV Show', 2019, 'NC-17', '8 Seasons', 'Some local bit question another they force. Quite economy expect themselves soldier wall. Hit level continue movie.'),
(111, 'Agency thing', 'TV Show', 1985, 'TV-PG', '7 Seasons', 'Face receive physical strong. Yourself prove successful.
During rather rest. These build lose others.'),
(112, 'Child letter military start', 'Movie', 2003, 'NC-17', '3h 33m', 'Modern believe not statement. Will soon personal total store modern.'),
(113, 'Benefit individual', 'Movie', 2004, 'TV-PG', '2h 4m', 'Campaign measure hand wall third involve reduce. Represent white think child check point. State myself set leader report.'),
(114, 'Sometimes two', 'Movie', 2004, 'TV-14', '2h 58m', 'South school player difficult house without.
Feel on present argue second. Star capital before paper. Film practice time executive song note.'),
(115, 'Figure protect simply', 'TV Show', 1994, 'TV-Y', '6 Seasons', 'Spring state power participant. Increase because style make treat.
Get force benefit station your owner. From everybody stop.'),
(116, 'Thousand trade front', 'Movie', 1990, 'PG', '3h 11m', 'Republican staff stay effort market rather American. Standard identify organization effect look. Say sound grow blue suggest head car.'),
(117, 'Grow approach', 'Movie', 1989, 'TV-G', '3h 13m', 'Food significant author wife share. Him return church future set bar. New its suggest what Mr success major put.'),
(118, 'War where art', 'TV Show', 2000, 'TV-PG', '4 Seasons', 'Reflect her call standard fish organization. Argue street decide whom force. Author hold leader deal.'),
(119, 'Moment', 'Movie', 1985, 'TV-MA', '1h 11m', 'Right growth sit save prevent pick allow. Outside official southern report sort people.
History than billion moment still seek.'),
(120, 'Whom job require', 'Movie', 1999, 'G', '2h 5m', 'Job add clear manage whatever reflect. Include recently suffer itself.'),
(121, 'Free continue set', 'Movie', 2005, 'R', '3h 15m', 'Good memory key despite find. Begin stage blood simply fear huge I.'),
(122, 'Special likely', 'Movie', 2001, 'NC-17', '2h 28m', 'Second best bit parent fear. Part stay discover feeling specific argue. Already interview reveal year suddenly sure other head.'),
(123, 'Particular remember', 'TV Show', 2003, 'TV-G', '5 Seasons', 'Tax hold possible paper activity less likely. Face several city. Though four strategy feel that.'),
(124, 'Republican size policy', 'Movie', 1992, 'PG-13', '3h 22m', 'Less staff threat two term cost.
Before garden as your benefit. Board human culture though office figure poor hold.'),
(125, 'Since run', 'TV Show', 2022, 'TV-PG', '4 Seasons', 'Individual family bill. New people study both suggest. Food shoulder woman pick impact keep most.'),
(126, 'Customer act itself', 'Movie', 1997, 'G', '1h 38m', 'Present social century shake. Movie Congress who item class agent growth. Single manager various home service.'),
(127, 'Should seek', 'TV Show', 2012, 'TV-Y7', '9 Seasons', 'Per actually a avoid much through. Team father again. Sell movie bag compare class senior.'),
(128, 'Address international', 'TV Show', 1990, 'R', '6 Seasons', 'Despite research two music. Money each I low outside national benefit prove. During foreign find not.'),
(129, 'Street trip hope garden', 'TV Show', 1986, 'TV-Y7', '10 Seasons', 'Cause name indeed meet most continue. Democrat road total short along read now.'),
(130, 'Shoulder see effect', 'Movie', 2004, 'TV-14', '1h 10m', 'Girl building race reason already. Age send agency minute open establish.
Decision decision evidence find economic. His need toward now.'),
(131, 'Room', 'Movie', 1988, 'TV-Y7', '1h 4m', 'Seat night institution Mrs hand value available different. People material subject another area although walk. Difference rule food another region.'),
(132, 'Cover people time', 'TV Show', 2019, 'TV-Y', '2 Seasons', 'Bag accept him democratic back. Reason after figure relationship fast reality building.'),
(133, 'Note', 'Movie', 1988, 'TV-PG', '2h 55m', 'Sport around sure poor message Republican democratic size. Church purpose go drive.'),
(134, 'Most whole former', 'TV Show', 1993, 'TV-PG', '4 Seasons', 'Crime weight eat fast per understand. Wall field method data somebody.
Project consumer hope race important would scene.
Cut fly marriage television.'),
(135, 'Inside fund', 'Movie', 2008, 'NC-17', '1h 12m', 'Detail produce result first enough letter writer nor. Hit mind wonder oil.
During attack choose physical notice fly. Song reveal gas meeting.'),
(136, 'Thought', 'TV Show', 1992, 'TV-PG', '3 Seasons', 'Receive close treat activity. Again exactly pay music camera ten thousand.'),
(137, 'Decide which course', 'TV Show', 2005, 'R', '3 Seasons', 'Catch maybe only support manager site. White box book. Usually specific laugh science nice important professional.'),
(138, 'Customer past', 'Movie', 1987, 'TV-PG', '3h 45m', 'Both through level never at. Late meeting information red hot hospital. Later then idea imagine set.'),
(139, 'Just eat college stock', 'TV Show', 2000, 'NC-17', '2 Seasons', 'Improve beyond daughter despite everything. Civil south standard here democratic.
Sound report what tree star. Its whose require.'),
(140, 'Information', 'TV Show', 2023, 'G', '1 Seasons', 'Buy one nice always. Physical room other key show.'),
(141, 'Early begin ability window', 'Movie', 1995, 'TV-14', '3h 40m', 'Last full black much really student.
Card large born. Bank marriage develop strong.'),
(142, 'Soon camera future', 'TV Show', 1997, 'TV-Y7', '8 Seasons', 'Hour different traditional single teacher east thing. Hope future federal with learn.'),
(143, 'Firm', 'TV Show', 2021, 'TV-G', '1 Seasons', 'Voice oil job. Form officer price dream.
Policy movie company. Girl nearly like pretty decision former share.'),
(144, 'Source effect mother', 'TV Show', 1998, 'TV-14', '2 Seasons', 'Language cell first true social her. Though in add that baby fear southern.'),
(145, 'True us peace', 'Movie', 2019, 'NC-17', '3h 44m', 'Much result either plant. Design art go special American.
Degree movement raise Mr. Paper which reach. Drop eye beautiful sign.'),
(146, 'Your energy', 'Movie', 2012, 'PG-13', '3h 55m', 'Heart teacher usually sign produce investment. Follow discuss prevent respond join give.'),
(147, 'Rule anything prevent', 'Movie', 2006, 'NC-17', '1h 42m', 'Usually choose what trouble step upon recent. Reality thousand piece reason day.
Note traditional feeling religious true ever. Least ok forget line.'),
(148, 'Assume deal capital', 'TV Show', 2002, 'TV-G', '8 Seasons', 'Quite candidate green. Meet someone election I fight.
Discover argue meeting join budget carry hair daughter. She up career stay.'),
(149, 'Both', 'TV Show', 2020, 'TV-Y7', '5 Seasons', 'Woman some already truth reveal high go alone. Bill manage knowledge environmental open your trial.'),
(150, 'Some step', 'Movie', 1990, 'PG', '1h 19m', 'Partner blue make choice office. Reason dog player yard. Drug individual author least experience approach experience.'),
(151, 'Player sea', 'TV Show', 1998, 'TV-MA', '1 Seasons', 'Raise point explain health outside choice tough. American his huge computer impact. National daughter meeting Mrs imagine country.'),
(152, 'Garden class', 'TV Show', 2016, 'TV-Y', '1 Seasons', 'Nice likely notice commercial race station. Tonight receive poor push role.'),
(153, 'Window message at', 'TV Show', 1993, 'NC-17', '5 Seasons', 'Drop child require space eight. Story but smile arrive play power. Begin yeah glass she open international.'),
(154, 'Something night entire', 'TV Show', 1994, 'R', '6 Seasons', 'List author wear newspaper. Significant listen professional medical international speak. Account wonder doctor rock fund ball.'),
(155, 'Fly prepare', 'Movie', 2022, 'TV-PG', '2h 47m', 'Image into behind yes set. Sell nor rather.
That subject drive far. Billion relationship yard maybe newspaper.'),
(156, 'Through wrong move', 'TV Show', 1997, 'G', '4 Seasons', 'Receive with under force point. Wide the learn system summer. Idea central often prevent. Room begin beyond wall seven get will.'),
(157, 'Tax reach health', 'TV Show', 2015, 'TV-MA', '3 Seasons', 'Available buy wish drive. Bad finish group. Finish candidate energy in list such investment.'),
(158, 'Audience event', 'TV Show', 1993, 'TV-Y', '5 Seasons', 'Minute that meet moment. Dream experience rather note the information wonder. West inside finally rate. Check notice nature hour manage.'),
(159, 'Customer about name', 'Movie', 1981, 'TV-14', '1h 1m', 'Could actually main stuff often third. Agreement establish everything majority. Ahead nature along land rest the.'),
(160, 'Admit wrong', 'Movie', 1982, 'NC-17', '3h 4m', 'Need usually live message have.
Though physical sister process later. Ahead organization half keep foreign.'),
(161, 'Decade individual', 'Movie', 1990, 'G', '3h 8m', 'Example herself able generation. Meet college reflect oil. Southern film protect second nothing.
Color green set measure physical protect.'),
(162, 'If book', 'Movie', 1981, 'TV-Y', '1h 10m', 'Dream choose first somebody occur ever appear training. Standard side give town skill stuff couple.'),
(163, 'Center fire camera', 'Movie', 2023, 'TV-MA', '2h 8m', 'Happy future grow picture call next east. Keep life especially meeting tough evidence close. Attention type cultural for every miss.'),
(164, 'Character if second no', 'TV Show', 2001, 'TV-G', '3 Seasons', 'Month tonight rich picture kind agreement century. Six finally environmental others three body. Money owner ago. On student off cup will behavior.'),
(165, 'Experience anything', 'TV Show', 2011, 'PG', '6 Seasons', 'Officer rest watch answer once hand. Expect take open entire big deep wife sort.'),
(166, 'Data difficult return', 'TV Show', 2000, 'TV-14', '2 Seasons', 'Painting especially range hair. Serve address decade anything record. Identify light power green service.'),
(167, 'Already fish total', 'Movie', 2010, 'G', '3h 17m', 'Bad who impact reality. Edge speech Congress. Make describe end entire.
Unit decade dinner citizen. Actually take product edge Republican control.'),
(168, 'Executive wide necessary', 'TV Show', 2017, 'TV-Y', '7 Seasons', 'Focus decade data throughout result world. Game for standard woman.'),
(169, 'Politics in', 'Movie', 2002, 'NC-17', '1h 18m', 'Dinner born growth identify police factor. Country economy seven improve.'),
(170, 'Center win', 'TV Show', 2020, 'PG', '4 Seasons', 'Very education most language law. Natural marriage final four.
Election there toward street decade smile ahead. Speech knowledge western or.'),
(171, 'Already meet PM', 'Movie', 1990, 'G', '1h 31m', 'Outside space practice vote stay require. Put against without including human deal dinner.'),
(172, 'Beautiful through draw true', 'TV Show', 1981, 'TV-MA', '6 Seasons', 'Left increase play imagine.'),
(173, 'Line particular floor dark', 'TV Show', 2018, 'TV-G', '9 Seasons', 'Write summer blue subject design there debate. Situation evidence size. Control citizen cover student allow.'),
(174, 'Black', 'TV Show', 1981, 'G', '3 Seasons', 'Wonder owner store. Member son customer blue peace.'),
(175, 'Myself old', 'Movie', 2015, 'TV-MA', '1h 56m', 'True carry bill small information instead degree. Statement account wish so reflect. Pull look with physical ask get hard.'),
(176, 'Best PM wife', 'TV Show', 1990, 'PG', '6 Seasons', 'Himself third long suggest place since. Safe baby difference fish at.'),
(177, 'Nor affect somebody', 'TV Show', 1984, 'TV-PG', '1 Seasons', 'Perhaps probably rest factor of fund or. Attack blue management my.
Across get sort structure. Magazine nation they ok.'),
(178, 'Prevent including', 'TV Show', 2002, 'TV-14', '4 Seasons', 'Attack science grow. Throughout conference space why its.'),
(179, 'Great argue reason', 'TV Show', 2024, 'TV-MA', '3 Seasons', 'Reach read what always truth box later. My east bar. Many wide present section follow institution find like.'),
(180, 'Hair government', 'Movie', 2022, 'PG-13', '3h 51m', 'Sit role gas edge within. List impact small always college show see.'),
(181, 'Fish take natural so', 'Movie', 2002, 'R', '2h 52m', 'Himself enter nice air more yeah into. Thus from red section kitchen rather forward adult.'),
(182, 'Use successful one', 'Movie', 2011, 'TV-MA', '2h 10m', 'Air popular say themselves have commercial low. Major great eight other.
Few talk star red court physical final. Hope into catch cost remain.'),
(183, 'School', 'TV Show', 2023, 'TV-PG', '10 Seasons', 'Analysis popular marriage home land development college.'),
(184, 'Enter camera', 'TV Show', 2014, 'NC-17', '9 Seasons', 'Argue health late use computer politics. Dark at challenge doctor need base focus. House cover eye appear.'),
(185, 'New stuff', 'Movie', 1985, 'TV-Y7', '1h 21m', 'Debate wear language audience little while rock. Official four value whatever help whom rich ready.'),
(186, 'Vote cut', 'Movie', 1981, 'PG', '2h 7m', 'Line this those nor. Short girl its use. Action big glass.
Onto serious practice foot. History computer federal next any matter reason.'),
(187, 'Paper boy', 'TV Show', 1997, 'TV-PG', '3 Seasons', 'The from major front line share. Model argue hard with. Shoulder director tell team south structure.'),
(188, 'Concern including ok', 'TV Show', 1983, 'R', '7 Seasons', 'Right discussion event miss bed. Charge simply evidence Republican.
Agent couple moment building. Simple fear hair toward debate.'),
(189, 'Nor down window', 'TV Show', 2015, 'PG-13', '3 Seasons', 'Deep politics own against. At them serious food style. Play you party record available oil identify.'),
(190, 'Staff alone', 'TV Show', 2023, 'TV-Y7', '7 Seasons', 'Respond pretty floor skin spring nature. Act mission partner attention sound. State site your name.'),
(191, 'Two option', 'TV Show', 1993, 'TV-PG', '5 Seasons', 'Son part during future sell dream. Scene us standard American. Enjoy that gas maintain event.'),
(192, 'Smile service', 'Movie', 2004, 'PG-13', '1h 49m', 'Prepare reason but message method. White seat former. Stock he once management away break meet.'),
(193, 'Account south', 'TV Show', 2003, 'TV-14', '8 Seasons', 'Thousand occur help everything audience catch eye agreement. Process life south identify sing point. Hotel happy glass body try meet.'),
(194, 'Education study', 'TV Show', 2004, 'TV-14', '3 Seasons', 'Economic window throw security power know computer hear. Must continue war fall act start focus machine. Need floor not at report.'),
(195, 'Investment', 'TV Show', 2010, 'NC-17', '6 Seasons', 'Late miss very end. Room attorney serious parent.
Stay call design. See whole three attention analysis. Practice difficult now order.'),
(196, 'Collection my', 'Movie', 2016, 'R', '2h 27m', 'Natural along outside. Arm current pull bit.
Home should his need. Ago maintain sing way dog way. Without fight involve land course concern.'),
(197, 'Drug need each', 'Movie', 1996, 'PG', '3h 3m', 'Growth read pretty could various protect. Ask once letter compare former me. Describe he go black security hear yeah.'),
(198, 'Value design interview', 'Movie', 2007, 'PG-13', '1h 7m', 'Represent range get sense several. Pass near peace condition social.
Thought fire over little nearly. Sense most analysis artist.'),
(199, 'Consider lose late', 'TV Show', 1986, 'TV-G', '6 Seasons', 'Method fill one one tonight. Best seat first feeling recent.'),
(200, 'Price college good', 'Movie', 1987, 'G', '3h 0m', 'Price push newspaper middle arm. Season admit when beat month board fast. Turn them college score.'),
(201, 'Last once', 'TV Show', 2002, 'G', '6 Seasons', 'Paper drive success difficult foreign friend travel. Throughout cell summer soon simply measure up. Simply seem choose sense so south.'),
(202, 'Face cost fast', 'Movie', 2018, 'TV-14', '3h 18m', 'Write role seem language his you. Year commercial several people whole.
I should budget white. Level likely protect camera you.'),
(203, 'Occur else', 'TV Show', 1995, 'PG', '8 Seasons', 'Able effect more include case lead foreign. Point in tough.'),
(204, 'Activity coach herself', 'Movie', 2005, 'G', '2h 49m', 'Represent information house old bit month.
Should find rate program wind. By sit moment world training four.'),
(205, 'Street economic', 'Movie', 1985, 'PG', '3h 31m', 'Boy hope value hard spring with. Hospital over project hold.'),
(206, 'Home Democrat', 'Movie', 2023, 'TV-14', '3h 36m', 'Stay term score year. Piece artist light necessary. End mouth day debate.'),
(207, 'Discussion start', 'Movie', 1987, 'G', '3h 51m', 'Item nation clear evening. Teacher commercial scientist meet perhaps small.
Country along gas represent. Cut stuff break strong.'),
(208, 'Effort key beyond', 'Movie', 1998, 'TV-G', '2h 7m', 'Apply series painting go.
Development parent magazine than each. Become teach other pressure wait.
Number officer officer shake situation be can.'),
(209, 'Mention price training', 'TV Show', 1998, 'PG', '3 Seasons', 'Health hold guy hot church. Her data behavior national turn.
Detail must second ten with in. Keep produce put brother field. Institution purpose why.'),
(210, 'Air section', 'TV Show', 1983, 'PG-13', '1 Seasons', 'Around rock all interesting in economy attack.
Often pretty where community throughout answer. Without wish different catch group employee deal.'),
(211, 'Role crime', 'TV Show', 1993, 'PG', '2 Seasons', 'Republican tough four from.
Teacher soon admit television. Win result other national. Arrive have change this six production history western.'),
(212, 'In sound have', 'TV Show', 1986, 'TV-Y', '9 Seasons', 'Law spend over structure hit all industry. Among wonder law order. Card ability few add baby. Indeed sport along sort.'),
(213, 'Set character girl', 'Movie', 1988, 'PG', '1h 27m', 'Soon situation computer mission change ground himself. Second policy item data. Project every different three voice popular.'),
(214, 'Sometimes true', 'Movie', 1994, 'TV-Y', '1h 57m', 'Ok tough student. Push course exactly industry medical recent.'),
(215, 'Truth natural', 'TV Show', 1997, 'TV-MA', '5 Seasons', 'Produce third window report military away yourself. Star price again population that throw. Forget show owner sign whom behind sort.'),
(216, 'High', 'TV Show', 1981, 'TV-MA', '3 Seasons', 'Stay answer might spend. Modern officer age common prepare. Congress thing despite financial big war chance building.'),
(217, 'Travel glass', 'TV Show', 1998, 'G', '4 Seasons', 'Low anything star law. Her age article care.
Outside brother per tree anyone prepare.'),
(218, 'Deep eat', 'TV Show', 2020, 'TV-G', '1 Seasons', 'College sign piece write. Home happen other next fund meeting. Would attack case several never front.
Of concern report economic set security.'),
(219, 'Both than then', 'TV Show', 2011, 'R', '8 Seasons', 'Nearly represent air still. Group year summer. Film person wrong thought side control hundred quality.'),
(220, 'Under onto', 'TV Show', 2017, 'TV-MA', '5 Seasons', 'Son attorney prove rather. Black surface own pull throughout. Idea theory computer institution coach seven want.'),
(221, 'Human line government value', 'TV Show', 2012, 'NC-17', '1 Seasons', 'By great begin. Contain despite spend or west team future summer.'),
(222, 'Senior worry', 'TV Show', 1986, 'TV-PG', '10 Seasons', 'Drug onto power heart cold. Born voice thank nation piece computer measure find. Believe reach ten put on those. Pass increase student close chair.'),
(223, 'First you key', 'TV Show', 1983, 'PG', '4 Seasons', 'Use rock door soon under success fast. Approach pattern audience against. Chair field along concern during natural.'),
(224, 'Population sign', 'Movie', 1997, 'G', '3h 57m', 'Money financial seek doctor unit. Wonder sister step.
Body another we perform contain civil scientist. Set book including from. Tv safe commercial.'),
(225, 'Stop important run myself', 'Movie', 1981, 'PG', '2h 19m', 'Crime agree see. Write step third box general. Act cut hot toward imagine report.
Rest such trip rise. Thus home glass Democrat yet present.'),
(226, 'Figure everyone', 'Movie', 1993, 'TV-MA', '2h 14m', 'Continue allow foreign medical others think. Surface threat program system.
Voice everyone perhaps himself old. Race southern debate event eye.'),
(227, 'Local your raise guess', 'Movie', 2022, 'R', '1h 37m', 'City treat military also toward town compare. Allow today tax. Music line win forget many themselves boy.
Behavior detail remember think gas.'),
(228, 'Player treat answer', 'TV Show', 2005, 'TV-14', '5 Seasons', 'Kitchen who speak section.
Paper accept subject five chance toward station. Direction let production structure particularly show. Oil for up free.'),
(229, 'Up be common', 'TV Show', 2012, 'PG', '10 Seasons', 'Tax prevent how to away. Visit ball most while.
New today hotel camera easy event. Us bring tell break through nor someone.'),
(230, 'Hot meet', 'Movie', 1993, 'TV-14', '2h 42m', 'Doctor officer notice enough will.
Behavior boy again hotel town. Peace must provide close suddenly.'),
(231, 'Allow impact enter', 'TV Show', 2023, 'TV-MA', '9 Seasons', 'Although seem air section fact challenge. Including bag break specific left Mr. Small population goal I.'),
(232, 'Whether look author', 'Movie', 2006, 'TV-MA', '3h 55m', 'Real focus play however. Focus travel also oil north interest point. Employee anyone various here indeed offer old here.'),
(233, 'Part raise', 'Movie', 2024, 'TV-PG', '1h 24m', 'Share glass here sport break think. Certainly plan day economic fear. Science yeah possible site must structure nearly.'),
(234, 'Soon music reflect', 'TV Show', 1983, 'NC-17', '7 Seasons', 'Must instead enough phone.
Picture service avoid office middle institution mention.'),
(235, 'Leave', 'TV Show', 2010, 'PG', '2 Seasons', 'Light discuss success stand recognize sound receive. School onto color but fine assume. Name couple risk long yourself.'),
(236, 'Remember mission which modern', 'Movie', 2022, 'TV-Y', '3h 48m', 'White receive traditional east some man. Watch old help financial. Much management consider Mrs.
Wait nor night personal deep talk current gun.'),
(237, 'Sound ask', 'TV Show', 1992, 'TV-Y7', '10 Seasons', 'Foot it bill clearly. Low impact political trial writer.
Suddenly stop least language his. Leader person lead pay at like.'),
(238, 'Include dog', 'TV Show', 1998, 'TV-MA', '1 Seasons', 'Painting more lawyer particularly he month. Seem experience policy now management condition.'),
(239, 'Worry across', 'Movie', 1996, 'PG', '2h 15m', 'Right building partner other government program participant. National work ask particular. Talk quickly identify bed glass field although scene.'),
(240, 'Though give garden', 'Movie', 2008, 'TV-G', '2h 5m', 'Account theory support clearly. Goal sister performance apply. Nature huge affect machine leave hold.'),
(241, 'Recent take serious clearly', 'Movie', 1990, 'TV-MA', '2h 30m', 'Authority guess admit who growth. Office figure administration at point. Recent ball fine behavior wear trial ok under.'),
(242, 'Should among responsibility chair', 'Movie', 2008, 'NC-17', '1h 2m', 'Participant young above morning human. Green way individual true rule camera.'),
(243, 'Language improve including', 'Movie', 1983, 'PG', '3h 16m', 'Amount we plant.
Party free south include medical mother. Analysis scientist choice degree including up.'),
(244, 'Positive herself', 'Movie', 1990, 'TV-Y', '3h 28m', 'Onto ahead something avoid. Space reason property season current management.'),
(245, 'That discuss', 'TV Show', 2008, 'PG-13', '8 Seasons', 'Fact lead rock southern behavior. Just often conference lot different outside fund.'),
(246, 'Speech as', 'TV Show', 1994, 'TV-Y7', '2 Seasons', 'Movie strategy many similar woman live attack. Situation process happy mind police mind boy writer. Herself study perhaps.'),
(247, 'Sort scientist', 'Movie', 2010, 'NC-17', '1h 15m', 'Grow only interest put. Eye think too box quickly small create. Seek during safe send.'),
(248, 'Behind month machine', 'TV Show', 2008, 'TV-MA', '5 Seasons', 'Image hot stop up fire very point. Two these line talk wait.
Present skill family indeed agreement maintain. Job less stage development nor.'),
(249, 'Gas something cover', 'TV Show', 1987, 'NC-17', '1 Seasons', 'Section table series step both bag. Station late voice ahead quality. Left figure bill north.
Seven certainly indicate. Next management above story.'),
(250, 'Free baby director', 'TV Show', 2011, 'NC-17', '4 Seasons', 'Head leg author authority reality. Kid they region cover because dog cause. Star indeed picture good business indeed range.'),
(251, 'Defense dark rule', 'Movie', 2020, 'TV-Y7', '2h 18m', 'World site involve price. Force large question return city.
Cut least successful tell break tax behavior.'),
(252, 'Last discuss', 'TV Show', 1991, 'G', '1 Seasons', 'Quite word total think. Against happen case west able test wide. Everybody ready building shake reach effect.'),
(253, 'Dinner employee speak', 'TV Show', 2021, 'R', '5 Seasons', 'Next particular idea federal news third. In field city education reflect. Friend weight on suggest drive administration.'),
(254, 'Lawyer', 'TV Show', 1987, 'NC-17', '6 Seasons', 'Star live spend especially politics. Mrs religious future style. Bring attention point you agency home wall back. Fact strategy place compare.'),
(255, 'Everybody defense', 'TV Show', 2001, 'TV-G', '2 Seasons', 'One wide almost. Above raise glass. Member from name military general language amount region.'),
(256, 'Admit ball', 'Movie', 2010, 'TV-14', '3h 23m', 'Skill it happy benefit speech. Participant movie important bit several. Save board compare himself energy.
Republican suffer everybody rate.'),
(257, 'Reach explain', 'Movie', 2008, 'PG', '2h 58m', 'Despite send dream agency. On improve side view national kitchen. Stuff number while above force fish challenge.'),
(258, 'Suffer low', 'Movie', 1983, 'TV-G', '3h 32m', 'Adult air prevent night region TV. Tend skin maybe relationship.
Interest research partner manage offer near bank. Full hear let carry meet.'),
(259, 'Race hair range', 'Movie', 1989, 'PG', '1h 44m', 'Scene line decide various child site suddenly environment. Air race card huge.'),
(260, 'Their either at', 'TV Show', 2012, 'TV-MA', '2 Seasons', 'Should lead couple seem relationship foot. Soldier executive rather call. Research they movie power.'),
(261, 'Course apply daughter', 'Movie', 2006, 'TV-G', '3h 35m', 'Treatment music east though food nice white girl. Collection size trade senior doctor its someone.'),
(262, 'Against say employee', 'Movie', 2012, 'G', '1h 21m', 'Per final various include quickly and off. At position past product officer.'),
(263, 'Wife about appear', 'TV Show', 2024, 'TV-PG', '9 Seasons', 'Finally soldier law property. Tough point single inside lot apply. Vote rest class of only program good. Offer doctor street only consumer lose.'),
(264, 'Alone during time someone', 'TV Show', 2011, 'R', '7 Seasons', 'Speak call cell top until easy. Much risk majority free example expect.'),
(265, 'Suffer', 'Movie', 1995, 'TV-MA', '1h 17m', 'Position be involve hospital catch tax huge. Present our recent example together future.'),
(266, 'Model religious so', 'TV Show', 2007, 'TV-G', '6 Seasons', 'Mean place ball family language ability sometimes late. Weight away past teach reveal others.
Choose arm remember one. Visit similar third seat yard.'),
(267, 'Project early', 'TV Show', 1983, 'G', '8 Seasons', 'She them not every range bar party. Pass develop bank difficult very and. Determine its we be trial south. Stop unit early last computer leave.'),
(268, 'Keep throw teach', 'TV Show', 2003, 'TV-Y', '7 Seasons', 'Throughout grow star church alone bar.'),
(269, 'Particular physical', 'TV Show', 1988, 'TV-Y7', '2 Seasons', 'Indicate begin determine half lawyer occur. Full shoulder first skin return himself course project. Kind lot scientist.'),
(270, 'Dream instead too', 'TV Show', 1988, 'PG-13', '3 Seasons', 'Old hope war movie again certain admit responsibility. Issue business which hot material. That up company case break.'),
(271, 'Line trouble year', 'TV Show', 1994, 'TV-14', '8 Seasons', 'Through leader color provide factor save team. Wonder yet key firm weight number.
Spring treatment crime what. Want another resource feel.'),
(272, 'Talk stop', 'TV Show', 2018, 'TV-Y', '10 Seasons', 'Point culture meeting send. Arrive record state fish read also.'),
(273, 'Between notice bar', 'TV Show', 1989, 'TV-MA', '9 Seasons', 'Authority community end rather force grow. Every seek on type enter skin.
Sport south arrive see worry dinner history.'),
(274, 'No class', 'Movie', 1991, 'G', '3h 57m', 'Open almost speech performance debate phone reduce. Best guy less budget.'),
(275, 'Task full writer', 'Movie', 1997, 'PG', '1h 4m', 'Run ok bag color price value. Response participant young politics. Exactly outside use song success responsibility have.'),
(276, 'Movement owner data', 'TV Show', 2011, 'TV-G', '9 Seasons', 'Make car might environment. Building sure family its. Into old Democrat address make line cut here.
Throw dream course single executive.'),
(277, 'Adult course another', 'Movie', 2010, 'TV-14', '3h 54m', 'Believe analysis laugh enter meeting.
Girl brother determine reflect part. Type than argue medical. Actually ahead turn opportunity model increase.'),
(278, 'Ground if green', 'Movie', 2008, 'PG-13', '1h 35m', 'Right many onto every.
Figure research adult any Democrat.
Alone oil sense within. Mr idea base act.'),
(279, 'Including with determine', 'TV Show', 1994, 'TV-Y', '6 Seasons', 'Break sit bed. Check compare speak week else environment week. Check anyone take.'),
(280, 'Career far law walk', 'Movie', 1991, 'PG', '2h 9m', 'Memory conference test you organization know. Quality firm knowledge realize item.'),
(281, 'American lay tend', 'Movie', 1993, 'TV-MA', '2h 55m', 'Energy drug serious per interest person strong. Save store end south. Must nation again yet. Speak health never else modern physical nothing.'),
(282, 'Up white fall', 'Movie', 1980, 'TV-14', '2h 57m', 'Fight race small take activity study time goal. So relate mouth stay cut cold mind. Until can create marriage brother many personal.'),
(283, 'Letter crime', 'Movie', 2005, 'TV-Y', '3h 25m', 'Here glass whether life. Exist training research prevent hit Mr war. Reflect range above staff.'),
(284, 'Economy couple', 'Movie', 2020, 'G', '1h 18m', 'Recognize yeah ask expect nor. Hair hand as seat value process out. Possible yourself build single.
Simple federal final rise generation he weight.'),
(285, 'Still security top', 'TV Show', 1990, 'TV-14', '3 Seasons', 'Practice most seem industry more item. Lead great seat century. Computer candidate now although next.'),
(286, 'Adult mission page', 'Movie', 1995, 'R', '2h 13m', 'Body trip image day top huge. Expect agency too arrive.'),
(287, 'Operation one assume', 'Movie', 2013, 'TV-14', '3h 46m', 'American take leg ten. Finally relationship some others friend also note whole. Factor dark campaign behind theory.'),
(288, 'Strategy mission', 'TV Show', 2015, 'TV-PG', '1 Seasons', 'Exactly American great vote. Tend listen born need. Industry understand radio home several send business.'),
(289, 'Pick end', 'Movie', 1996, 'PG-13', '2h 1m', 'Off pick defense thus style teach. Name including find base discover. Tell ability best involve foreign personal remain bill.'),
(290, 'Power father among', 'TV Show', 1983, 'PG', '8 Seasons', 'Grow this enter guy local.
Particularly process including draw involve difference enter. Change serious nice population.'),
(291, 'Energy participant hold', 'TV Show', 1998, 'TV-14', '3 Seasons', 'Inside get need bag site watch direction. Pm guess ok foreign.
Level fly remember close.'),
(292, 'Home camera', 'Movie', 2000, 'TV-14', '1h 58m', 'House true meeting four budget sport experience.'),
(293, 'Trial health name', 'Movie', 1991, 'G', '3h 37m', 'Present at property sea player series morning. Author believe bad technology involve food effect bit. Economic field figure list happy really.'),
(294, 'Situation throw catch', 'Movie', 2022, 'PG', '3h 29m', 'Still success student bank travel girl feeling experience. Would crime her kitchen democratic no even car.'),
(295, 'Not ready move movement', 'TV Show', 2019, 'G', '3 Seasons', 'Party move stock conference. Among get challenge southern operation brother. Particular property paper push already feel.'),
(296, 'Nor', 'Movie', 2006, 'TV-PG', '2h 49m', 'Must light despite carry raise difficult challenge field.
West surface visit. End win yourself action stop.
Including news identify property car.'),
(297, 'Begin', 'TV Show', 1996, 'G', '10 Seasons', 'Position current great turn notice. Every affect he single live.
Remember occur race door. Wife pattern size among wife know vote program.'),
(298, 'Simple call', 'TV Show', 1994, 'TV-Y', '4 Seasons', 'Protect exactly board computer seem seem every. Woman maybe item level walk. Left sell design rich then.'),
(299, 'Kitchen argue guess', 'TV Show', 2017, 'TV-PG', '9 Seasons', 'Senior environment perform field plan. Beautiful big manage mission energy. Ball dream should far.'),
(300, 'No little bring', 'TV Show', 1981, 'TV-14', '10 Seasons', 'Good century whose plant south. Stage occur focus piece. Class no success short career.'),
(301, 'Since its', 'TV Show', 2021, 'G', '7 Seasons', 'Rule effect past itself wrong interesting. Position yourself read law. Her long consider second grow hold approach stay.'),
(302, 'Each speak', 'TV Show', 1991, 'TV-PG', '10 Seasons', 'Result land piece author or state. Since if wide seat rich claim.'),
(303, 'Economy', 'Movie', 2013, 'TV-14', '3h 48m', 'Boy goal everyone support. Other point speech tree help example environmental wear.'),
(304, 'Debate', 'Movie', 2006, 'TV-MA', '1h 10m', 'Carry discussion ahead since single level hotel. Federal hard window example available necessary citizen.'),
(305, 'Approach', 'Movie', 1996, 'TV-14', '3h 9m', 'Hospital cell than interesting example. Much again present economic very next. Attack article range white.'),
(306, 'High read', 'TV Show', 2006, 'TV-G', '9 Seasons', 'Develop rest apply peace throughout box. We guy yard sit see according.'),
(307, 'Money enough yes', 'Movie', 2018, 'TV-14', '2h 42m', 'Source rest party office production boy. Get serve piece.
Similar despite sea public. Exactly easy often exactly drug. Realize paper high goal.'),
(308, 'Assume while international edge', 'TV Show', 1992, 'TV-Y', '7 Seasons', 'Century site buy. Same together answer forget ball hope everybody trouble. Bad official audience would letter suddenly last.'),
(309, 'Customer card', 'Movie', 1997, 'TV-PG', '2h 19m', 'Ok tough article style about. Exist compare crime science fine business. Reduce air few choice site.'),
(310, 'Build yourself husband foot', 'TV Show', 2020, 'R', '7 Seasons', 'Religious point enter thought learn note. Good my almost product later rule. Animal foot speak down information.'),
(311, 'Generation born across', 'TV Show', 1986, 'TV-MA', '7 Seasons', 'Difference center single quickly art dog Mrs. However expect structure every happy popular cut sound. Off peace perhaps event.
Machine better grow.'),
(312, 'Toward light', 'TV Show', 2020, 'PG-13', '5 Seasons', 'Which blue design image rise. Learn game under radio none.'),
(313, 'Safe matter interest', 'Movie', 1981, 'PG-13', '3h 42m', 'Any education loss. Continue south surface race military us hour. Dog quality prepare sing.'),
(314, 'Writer wind', 'Movie', 2009, 'PG', '1h 19m', 'Capital near tonight cost enjoy. Along Republican cold nor teacher wonder choice.
Away successful company listen tell south. Enter off four light.'),
(315, 'Likely', 'Movie', 1988, 'TV-MA', '1h 32m', 'Everything election matter move city side. To stuff care relate try value degree.'),
(316, 'While western way', 'TV Show', 2021, 'TV-14', '9 Seasons', 'For experience imagine suggest. Collection each worry former treat. Likely mouth kid.
Interest break imagine. Thank option usually agent stop expert.'),
(317, 'Heavy listen', 'Movie', 1993, 'TV-Y7', '3h 52m', 'Various military after prevent dark. Down avoid people position once place visit have. Happy bill this hair. They sea shoulder interesting term.'),
(318, 'Although away', 'Movie', 2003, 'TV-Y', '3h 30m', 'She what leave store take read theory. Newspaper improve product best occur similar.'),
(319, 'Finish sure around', 'TV Show', 1991, 'TV-G', '10 Seasons', 'Morning identify bank carry. Light market western full how usually. Begin catch culture without.'),
(320, 'Onto long lay', 'TV Show', 2000, 'TV-14', '9 Seasons', 'Score civil building power. Lay institution size put measure mind. Analysis the water range.
Without make development kid. Black risk friend think.'),
(321, 'Improve today', 'TV Show', 1990, 'PG-13', '8 Seasons', 'Increase degree nor reason result company. Huge finally expert reflect adult drug position. Population hear no require source partner thing.'),
(322, 'Sea data ten', 'TV Show', 2020, 'TV-G', '8 Seasons', 'However agency environment. Mouth race too idea inside.'),
(323, 'Truth why', 'Movie', 1983, 'PG-13', '2h 46m', 'Mean color along country system. Attention floor evening their stock both. Home bank throw add window gun.'),
(324, 'Price ok art brother', 'Movie', 2002, 'PG', '1h 6m', 'Catch between third law join military TV. Hour always yard above whom.'),
(325, 'Last card both either', 'TV Show', 2019, 'R', '7 Seasons', 'Anyone answer green. Easy dream cover field long.'),
(326, 'Personal strategy him', 'TV Show', 2018, 'TV-Y7', '10 Seasons', 'Mission sell myself food contain upon.
Light buy worry may evening good.
Stuff article morning image. Adult least individual.'),
(327, 'Blood teach base plant', 'TV Show', 1985, 'PG-13', '6 Seasons', 'Interview sell financial front not shoulder environmental somebody. Father trade physical.'),
(328, 'Million', 'Movie', 1981, 'TV-PG', '2h 12m', 'Remember risk true if sister happen she. Save sit machine everybody they. Loss lawyer soon office brother far condition.'),
(329, 'Short machine', 'Movie', 2001, 'TV-Y7', '3h 9m', 'Wrong program place. Drive event certain yard sort adult resource. Husband instead happen senior level southern.'),
(330, 'Beyond president training', 'TV Show', 2017, 'TV-14', '8 Seasons', 'Red investment value lawyer. How look include less room other maybe. Statement simply although more nor seek when chair.'),
(331, 'Through between wish', 'Movie', 1988, 'G', '1h 16m', 'Local forward deal before. Certainly work explain memory price relate language.'),
(332, 'Foreign table', 'Movie', 2002, 'R', '1h 59m', 'Always car three and industry human. Position whether half dream. Decade conference like however. Stage author pull tax.'),
(333, 'Pattern century', 'TV Show', 1994, 'PG', '7 Seasons', 'Those occur letter value. Yard value fund law talk. Nice sit paper way party white hope.
Far relate better approach hundred call.'),
(334, 'Group at', 'Movie', 1996, 'R', '1h 41m', 'Development southern dog one girl. Story against government me. Agreement again sport accept apply feel. Hour sense seek prove.'),
(335, 'Customer together', 'TV Show', 1993, 'PG', '5 Seasons', 'Thing tree relate thought. Bank past picture by big live determine. And idea onto. Significant central least never.'),
(336, 'Music firm political', 'Movie', 1991, 'PG-13', '3h 19m', 'Soon join interview whole suffer under. Participant might entire fact. Claim expect idea various of subject.'),
(337, 'Professional heart', 'TV Show', 1998, 'NC-17', '7 Seasons', 'School nature market expect American national world. Still describe hospital page.'),
(338, 'Three billion include', 'Movie', 1988, 'TV-G', '1h 40m', 'Myself home black kind former either right open. Maybe forget behind sometimes evening these blue bill.'),
(339, 'Mean nation', 'Movie', 1997, 'R', '2h 28m', 'Cold politics civil happy then doctor drop. Occur hot trouble nice be.
Bar model today road candidate house point. Such former role theory.'),
(340, 'Dinner group', 'Movie', 2009, 'TV-MA', '1h 10m', 'Imagine suffer officer book agreement.
Success activity Mrs have blood case then. Site president level since card southern enter catch.'),
(341, 'Heart write attention', 'Movie', 1981, 'TV-Y7', '1h 20m', 'Place human whom relationship. Indicate form interest.'),
(342, 'Involve', 'Movie', 2015, 'PG-13', '2h 5m', 'Girl nearly law oil issue also. Development really eye like. Probably front cell three yes toward.'),
(343, 'Create debate have', 'TV Show', 1994, 'TV-G', '7 Seasons', 'Which sport where performance watch. On service cost experience imagine huge rock.'),
(344, 'Establish reach such', 'TV Show', 2024, 'PG-13', '1 Seasons', 'Enjoy leader front. Pick I do newspaper than organization opportunity nearly.
Capital back professor size gun.'),
(345, 'Very play fear', 'Movie', 2016, 'TV-Y7', '3h 46m', 'Up new after provide. Phone instead from again among.'),
(346, 'Development', 'Movie', 2002, 'TV-MA', '2h 38m', 'Popular pay take discussion dinner certainly knowledge. History shoulder deep.'),
(347, 'Population voice', 'Movie', 2018, 'PG-13', '1h 44m', 'On bring factor. Phone student with dark pattern appear.'),
(348, 'Effort able among', 'Movie', 1991, 'TV-PG', '2h 44m', 'Be control office. Others top chair.
Risk situation mention political guess old stand. Imagine message hour pass series.'),
(349, 'Color office', 'TV Show', 1994, 'TV-PG', '6 Seasons', 'Degree beat region may than few. Soldier watch team number rest movement war.'),
(350, 'Forward open', 'TV Show', 2013, 'TV-MA', '3 Seasons', 'Indeed public glass military ago key. Hear sign surface hit position subject morning.'),
(351, 'Player customer since', 'Movie', 2002, 'G', '1h 28m', 'Improve pull particularly in. Into card cell woman staff. Decade cup work.
Similar thus level edge specific. Policy father state almost run.'),
(352, 'Company mention either', 'TV Show', 1989, 'PG', '7 Seasons', 'Born owner place particularly issue. Able hand sport nor newspaper better policy arm.'),
(353, 'Year become', 'TV Show', 2005, 'PG-13', '3 Seasons', 'During century consider however. Your improve model hear. Campaign dream message read.'),
(354, 'Born tax all', 'Movie', 2009, 'TV-14', '3h 41m', 'Material discuss agent. Nature course concern case decide. Measure another character positive quite. Exist size less certainly.'),
(355, 'Might oil everyone', 'Movie', 2005, 'TV-G', '2h 56m', 'Sell red cover military. Exactly perhaps effort how go. Several word contain area radio.'),
(356, 'Start either', 'TV Show', 1996, 'TV-Y7', '9 Seasons', 'Least require cost win employee nearly spend. Pm step and civil.
One financial daughter agreement. Marriage wish become moment. Energy already plant.'),
(357, 'Learn whether candidate', 'TV Show', 1981, 'TV-G', '9 Seasons', 'Realize magazine almost answer nation large. Organization minute the role.
Either help contain collection choice audience. Sense return career.'),
(358, 'Culture inside', 'TV Show', 2002, 'NC-17', '8 Seasons', 'Appear positive attorney thought many range.
Where media much. Half just quite. Kid structure better shoulder trade care recently.'),
(359, 'Nor particular', 'TV Show', 2020, 'NC-17', '2 Seasons', 'Contain more nature firm on chance. Dinner structure live interesting model above. Along source may bill site identify.'),
(360, 'Couple', 'TV Show', 2020, 'TV-MA', '5 Seasons', 'Base light must war free. Ask marriage education stuff arrive prepare family region. Study reveal also hit miss culture detail.'),
(361, 'Get she prevent', 'Movie', 2020, 'TV-14', '2h 9m', 'Recently between sense range point manager message. Cover hear as decade term fish.'),
(362, 'Teacher all it', 'TV Show', 2020, 'NC-17', '8 Seasons', 'Early community member letter time check. End activity including authority.'),
(363, 'Day including score', 'TV Show', 2010, 'TV-G', '5 Seasons', 'Child if himself six. Yet skin interview play past risk job.
Claim between group social happy marriage available. Long war player popular ask find.'),
(364, 'Expert believe', 'TV Show', 2004, 'TV-Y', '5 Seasons', 'Head wonder store can power wind. That he leave miss enter fear decision study. Step environmental so.'),
(365, 'Different education lot', 'TV Show', 2019, 'TV-Y7', '5 Seasons', 'Firm citizen property. Skin close she cultural world travel.'),
(366, 'Town coach book', 'Movie', 2019, 'TV-Y7', '1h 33m', 'Bar marriage send shoulder glass spend. Office mention visit identify. Area stock however light pick anyone meeting.'),
(367, 'Majority herself', 'TV Show', 1982, 'G', '2 Seasons', 'Debate start present effect appear. Media onto nation man.
Local necessary radio reveal. Receive song care drug prepare.'),
(368, 'Describe kind admit firm', 'Movie', 2009, 'TV-PG', '1h 58m', 'Agree ask nearly listen organization baby wear. Throughout foreign door nation reflect.
Window law laugh that style. Week evening finally risk thing.'),
(369, 'When claim', 'TV Show', 2005, 'R', '8 Seasons', 'Sit get security foot officer rise. Main possible bad fire capital improve car.
Get part plan wife school population forget modern.'),
(370, 'Book stuff', 'TV Show', 1993, 'PG-13', '9 Seasons', 'Ability evidence whatever employee election site. May increase enjoy between music adult necessary.'),
(371, 'Front attack always', 'TV Show', 2008, 'NC-17', '6 Seasons', 'Start student husband reveal stage news. Feel thousand letter likely better front. Car large yard painting degree.
Lot letter own.'),
(372, 'Theory back', 'TV Show', 1992, 'PG', '6 Seasons', 'Successful claim body true voice. Rich whatever address quite.
Alone individual soldier risk. Deal understand something it game some.'),
(373, 'He stage', 'TV Show', 2023, 'NC-17', '3 Seasons', 'Teacher executive development protect decide. Real news mind. They can shake economic.'),
(374, 'Glass president explain', 'TV Show', 1990, 'NC-17', '9 Seasons', 'Coach make ability long seem poor affect.
Specific natural worker race little would onto.'),
(375, 'Admit major free', 'Movie', 2021, 'PG-13', '3h 55m', 'Animal mouth which commercial street.
Prevent condition decade red today it left. Yet author letter wish out idea add.'),
(376, 'Long rather', 'TV Show', 2024, 'TV-PG', '5 Seasons', 'Listen turn tell. Our doctor area last. Rest visit impact.
Allow under TV show son road. Will size history risk sometimes.'),
(377, 'Memory', 'Movie', 1985, 'TV-14', '1h 21m', 'Religious whom something war tend. Action him trouble building gas move president. Stuff national opportunity ball.'),
(378, 'Later voice sister', 'Movie', 1981, 'PG-13', '3h 18m', 'Kitchen light record issue laugh.
Water hear large. Nature always over bill. Even education nearly sometimes.'),
(379, 'Kid reality hair', 'TV Show', 2019, 'PG', '10 Seasons', 'Son everything of and audience tough. Station decision town model.
Face statement husband beautiful.'),
(380, 'Still', 'TV Show', 2001, 'NC-17', '1 Seasons', 'Front decade let modern statement soldier she. Old suddenly save majority table Mrs long station.'),
(381, 'Argue black', 'TV Show', 1998, 'TV-Y', '2 Seasons', 'Position data onto right how simply. Produce food west up decide strong agency.'),
(382, 'After current', 'TV Show', 1987, 'TV-MA', '8 Seasons', 'Experience technology performance second then force analysis professor. Degree finally ever thought.'),
(383, 'Claim compare', 'TV Show', 1994, 'PG', '6 Seasons', 'Indicate culture finish fill magazine house series. Piece there arm father. Instead baby left improve soon activity pretty.'),
(384, 'Husband customer ok', 'TV Show', 1992, 'TV-14', '8 Seasons', 'Grow soldier race piece tough interest health. School interesting pick matter draw above.'),
(385, 'Tree sing ahead keep', 'TV Show', 2002, 'TV-Y7', '1 Seasons', 'Finish media yet which box audience catch. Green yet wear. Pretty year doctor sister ball several thus.'),
(386, 'Positive appear behind', 'TV Show', 1997, 'PG', '10 Seasons', 'Share summer early later sing. Nation to feeling.
Education age lot often employee record. Everybody model there stuff name set.'),
(387, 'History impact', 'TV Show', 2011, 'NC-17', '7 Seasons', 'Why deep attack television myself. Former only art nearly. None group arm.'),
(388, 'Left process evidence', 'Movie', 2023, 'PG', '3h 32m', 'Measure almost chance nice wish front too try. Off difficult practice often group from. Political almost left often return.'),
(389, 'Age dog', 'Movie', 1983, 'PG', '2h 1m', 'Ability police follow. Structure foot candidate day administration each.'),
(390, 'Thing response play', 'TV Show', 1996, 'TV-G', '4 Seasons', 'Too spring foreign without name system. Early those risk community final. Mother moment heavy political return north.'),
(391, 'Eye stay', 'TV Show', 2008, 'TV-Y7', '6 Seasons', 'Involve thus American according pretty stock certainly. Bar listen decision son spend loss. Station quickly every spend collection when painting.'),
(392, 'House man follow according', 'TV Show', 1981, 'TV-Y', '6 Seasons', 'Agree still thousand change her lay. Animal while pressure total which. Soldier short hour certainly central their.'),
(393, 'Heavy', 'Movie', 1988, 'R', '1h 39m', 'Us wall son. Company need surface well air security. Throughout player seven author ever understand relate.'),
(394, 'Decision time', 'Movie', 2015, 'TV-MA', '1h 36m', 'Section financial animal rate never bring summer. Film share data resource wear.'),
(395, 'National customer thing', 'Movie', 2012, 'TV-MA', '2h 23m', 'Political side will white treat responsibility. Game ahead fly black employee require. Man use doctor capital national contain unit.'),
(396, 'Partner to already', 'Movie', 1989, 'TV-MA', '1h 57m', 'Hair page serious almost whole soldier around. Son talk protect whom. Large television agent house. Car institution hand while ask practice college.'),
(397, 'Break', 'Movie', 2000, 'TV-MA', '2h 6m', 'Anyone suddenly old summer coach prove. Order night school red year. Student traditional bill herself.'),
(398, 'Part boy', 'TV Show', 2018, 'TV-G', '2 Seasons', 'His southern hit free. Box floor everything determine director anyone treat. Want always federal whose shoulder risk.'),
(399, 'Number know', 'Movie', 1984, 'TV-14', '3h 10m', 'Add reduce down main try page hospital. Down dark mother peace kitchen. Up them attorney.
Institution scientist eat easy put.'),
(400, 'Owner young finish', 'Movie', 2009, 'TV-G', '2h 57m', 'Others foreign make policy. Discover decide public this your mother dream. Send bit structure nor shoulder threat.'),
(401, 'Certain left', 'TV Show', 2000, 'TV-Y', '5 Seasons', 'Pm sometimes help free. Able learn me century plan. Range hospital what activity.
Half spend down. Paper teach available. World here defense.'),
(402, 'Open several why', 'TV Show', 1985, 'TV-Y7', '2 Seasons', 'Attack list assume top eat. Concern contain leave hot raise term. Project soldier sort computer.'),
(403, 'Community court', 'Movie', 1995, 'PG', '2h 15m', 'After test happy company some.'),
(404, 'Strategy huge', 'TV Show', 2002, 'PG-13', '9 Seasons', 'Property expert attack prevent information sport none sort. Thing rise participant image seat. Less present bill. Accept time no floor.'),
(405, 'Audience body', 'Movie', 1996, 'G', '2h 14m', 'People low me. Still indicate expect artist. Can soon term our learn create number.'),
(406, 'Behind cost report', 'Movie', 2003, 'TV-PG', '2h 11m', 'Nearly maintain ground will must. Book activity that note. Several recognize follow whose enough.'),
(407, 'Bring sport call', 'Movie', 2017, 'PG', '3h 3m', 'Dog lead Republican actually just. Economy believe west we.
Family just perform sport on. Need discussion product soldier.'),
(408, 'Win', 'TV Show', 2018, 'TV-PG', '8 Seasons', 'Product leader personal set instead like. Approach number technology TV instead.'),
(409, 'Show', 'TV Show', 2020, 'PG-13', '7 Seasons', 'Picture mother might around arrive.'),
(410, 'Body beat', 'TV Show', 2007, 'TV-14', '2 Seasons', 'Condition edge them medical all large system. Reduce history decision base item few girl. Reveal choice small environment.'),
(411, 'Factor stage', 'Movie', 2008, 'NC-17', '1h 33m', 'Others meet game single method arm lose wait. Box either claim there.'),
(412, 'All which', 'Movie', 2017, 'TV-Y', '3h 3m', 'Last agency later room student process design establish. Positive throughout management try. Accept window first through trial four seat.'),
(413, 'Somebody', 'Movie', 1984, 'TV-Y', '3h 19m', 'Present task yes end stock lose world.
Region environment join seven care general. Single future might relate scene responsibility keep.'),
(414, 'Actually', 'TV Show', 2023, 'PG', '1 Seasons', 'Since model within clearly space certainly both. Another few attention. Senior write shoulder century small.'),
(415, 'Identify someone', 'Movie', 2022, 'NC-17', '1h 28m', 'Especially participant evidence decision. Personal gas sure join song fear.'),
(416, 'Consider', 'Movie', 2009, 'TV-PG', '3h 53m', 'Quite produce treat threat home push fly. My cold difference apply first mind month. Plan buy minute.'),
(417, 'Feeling', 'Movie', 1994, 'TV-14', '3h 14m', 'Soldier offer behind parent.
Congress build institution yourself research.'),
(418, 'Those soon manager', 'TV Show', 2005, 'TV-PG', '9 Seasons', 'Stage behavior include sure sea chance Congress.
Little behavior friend time second. Pick according since make defense.'),
(419, 'Culture significant', 'TV Show', 1996, 'G', '10 Seasons', 'Every girl chance improve. Statement action production yard cup page.'),
(420, 'Full concern fire', 'TV Show', 2011, 'TV-G', '7 Seasons', 'Fear seem money attention western family beat. Return west ok land leave air traditional. Find fish quality able enough describe edge.'),
(421, 'Career admit risk', 'Movie', 2009, 'TV-14', '1h 59m', 'Despite speech degree group foot foreign not. Argue their set mother final kid notice sign.'),
(422, 'Source often', 'TV Show', 1988, 'G', '7 Seasons', 'Section north outside tree. Before away treatment degree third science own plan. Evidence myself subject avoid history skill recently.'),
(423, 'Population myself name', 'Movie', 2004, 'PG-13', '1h 38m', 'Head significant and course close central. Sport door building office decade support. Hair most of car situation.'),
(424, 'Beat establish compare', 'Movie', 2022, 'PG-13', '3h 29m', 'Way value network road. Usually knowledge produce hit.
Close contain even report plant. South us gas difficult scene interesting.'),
(425, 'Prevent because she challenge', 'TV Show', 2022, 'TV-MA', '1 Seasons', 'Left that despite head. Into character knowledge place whether window control. Hand book best like service group fact.'),
(426, 'Just someone value', 'TV Show', 1981, 'G', '5 Seasons', 'Experience these south pull blood activity. Require let according yeah five treat over.
Job fill though capital behavior.'),
(427, 'Discuss anyone unit', 'TV Show', 1997, 'TV-G', '1 Seasons', 'Prove party I. Across bar lose save.
Most down structure site. Not establish doctor day. Research hard place trip both.'),
(428, 'Mother Democrat than', 'TV Show', 1991, 'PG-13', '5 Seasons', 'Either pattern lose good big in view place. Especially agency media your strong itself magazine.'),
(429, 'That experience', 'TV Show', 1998, 'TV-MA', '10 Seasons', 'Tell pay as. Debate two three air final food. Instead dark help employee policy class.'),
(430, 'Until', 'Movie', 1982, 'TV-Y', '3h 36m', 'Official government impact top figure Mrs play. Country inside more little side cost recent.'),
(431, 'Life develop', 'Movie', 2012, 'G', '3h 4m', 'Behavior possible conference son man tonight.
Environmental different strategy recently class occur. Past sport catch natural notice land fund.'),
(432, 'Agreement buy explain', 'Movie', 2000, 'PG', '2h 6m', 'Whose economy good best respond close. All movie identify yet back option cost focus. Race anything about shake process.'),
(433, 'Song budget everyone', 'Movie', 1998, 'TV-G', '1h 54m', 'Man understand around it role near thought. Of party tree while state work.'),
(434, 'Move outside', 'Movie', 1986, 'TV-Y', '1h 54m', 'Knowledge be stop total. Affect reality they already fall fly. Himself entire charge consumer.'),
(435, 'Pm', 'TV Show', 1984, 'TV-14', '3 Seasons', 'Director spring at audience blue instead. Human although size can performance fly Congress.'),
(436, 'Hair remember', 'TV Show', 2017, 'TV-Y7', '10 Seasons', 'Environment hundred build space person.
Call feel stock speak he sign stage social. Rich it authority term.'),
(437, 'Score reduce', 'Movie', 1981, 'TV-Y', '2h 5m', 'Really question life firm together include eat. Point skill stand may evening station future.'),
(438, 'Even today understand know', 'Movie', 2004, 'PG', '3h 40m', 'Meet change black across this. Adult discussion deep within to generation wife.'),
(439, 'Less', 'TV Show', 2003, 'R', '1 Seasons', 'Source step fact maybe thought PM reach. World then suggest subject system.'),
(440, 'Officer foreign gun travel', 'TV Show', 2011, 'TV-G', '4 Seasons', 'Media member hot member.
Clearly thank purpose table free dinner. Probably indicate news.'),
(441, 'Eye same customer', 'TV Show', 2001, 'TV-Y', '2 Seasons', 'Between five again question. Today factor trip before bar play paper need. Represent build six.'),
(442, 'Accept strategy', 'TV Show', 1984, 'NC-17', '7 Seasons', 'Exist building hot commercial including cause. Much miss else while short stage week. Person crime art role consider vote ago improve.'),
(443, 'Sense hotel', 'Movie', 2003, 'TV-Y', '1h 8m', 'Special admit foreign example include. Always audience money rock. Assume establish peace over both knowledge protect.'),
(444, 'More always', 'Movie', 2015, 'TV-14', '2h 22m', 'Peace affect theory data. Nor she beautiful group. This page number big.'),
(445, 'But true have', 'TV Show', 1998, 'NC-17', '7 Seasons', 'Near himself natural huge finally. Street establish language article but middle practice beyond. Position west age still either course.'),
(446, 'Report small', 'TV Show', 2006, 'PG', '9 Seasons', 'Indicate sometimes participant piece feel bag. Past task major. Make sign responsibility woman model.'),
(447, 'Politics gun herself', 'TV Show', 1997, 'PG', '9 Seasons', 'High half ever decide station strong.'),
(448, 'Power wall environment', 'TV Show', 1981, 'PG-13', '4 Seasons', 'Near unit teach doctor agreement. Employee action bring result system know. Significant process center participant wife see garden.'),
(449, 'She less cultural', 'Movie', 2001, 'R', '3h 52m', 'Him six human fear. Rest reality similar customer. Skill million somebody get himself. Shake you control find drive.'),
(450, 'Central public', 'Movie', 2022, 'TV-PG', '2h 17m', 'Nation subject along account century south can. Across total or must each fly everyone.
Camera change sea ago.'),
(451, 'Discussion police hotel', 'Movie', 2012, 'TV-PG', '3h 28m', 'Message picture bed low. Feel friend data majority where.
Improve pattern cut. Democrat government style season represent talk can.'),
(452, 'Method blue rule idea', 'TV Show', 2009, 'TV-G', '6 Seasons', 'Conference gas woman point view safe. Father choice guy by. Add memory character network say worry nation.'),
(453, 'Smile', 'Movie', 1993, 'TV-Y7', '2h 59m', 'End successful apply lay really however real. Also standard despite deal spring technology recognize risk.'),
(454, 'Everybody side add', 'Movie', 2016, 'G', '1h 23m', 'Who over know before former there worker. Brother free move bill.'),
(455, 'Reflect drive', 'TV Show', 2001, 'TV-MA', '8 Seasons', 'Price understand else cover woman include again. Organization rather prove plant start. Theory rise mind whose these could.'),
(456, 'Might security could deep', 'Movie', 1995, 'PG-13', '3h 41m', 'Both power term. Anyone blood involve bring.
Her nothing democratic camera process. Data system fill authority get image bag. People respond entire.'),
(457, 'Series share thank', 'Movie', 1995, 'G', '2h 47m', 'Own learn step north.
Respond course somebody lot. Campaign close blood year treatment media. Subject mind kitchen positive down anything.'),
(458, 'Really anyone value', 'Movie', 2004, 'TV-MA', '3h 14m', 'Friend day join sport role paper which. Something take remember. Wide movement rule set center.'),
(459, 'Door six consumer', 'Movie', 2024, 'TV-14', '1h 29m', 'Language case fill hospital apply. True color year politics set chair whether. Capital writer ever thus itself adult.'),
(460, 'Artist home', 'TV Show', 2006, 'PG', '9 Seasons', 'Usually popular certain well foreign international. Realize company put bar system scene though. However law local fire nor on generation.'),
(461, 'Morning thousand', 'Movie', 2023, 'NC-17', '3h 23m', 'Age pattern understand box wrong shake. Lawyer college rise hot send themselves door. Thousand attack my.'),
(462, 'Fast social discover', 'TV Show', 2022, 'PG', '4 Seasons', 'Activity store edge indeed yes quality. Wait operation career force.'),
(463, 'Remain red deep myself', 'TV Show', 1998, 'G', '7 Seasons', 'Attack firm attention cultural room. Agent prevent rise than actually. His where fine.'),
(464, 'Call', 'TV Show', 2023, 'TV-14', '3 Seasons', 'Once section his lot. Appear black test movie officer final down.
The everyone never value it. Production themselves lawyer where.'),
(465, 'Toward type article', 'Movie', 1985, 'TV-G', '1h 48m', 'Leader western hope agree tonight point theory.'),
(466, 'Task each', 'Movie', 2003, 'NC-17', '3h 28m', 'Scene some money series. Whole hope yes agreement short.
Structure because part effect ever coach director. Lot pass into.'),
(467, 'Less opportunity every', 'Movie', 1992, 'PG-13', '1h 20m', 'Operation shake soon skin. Especially community book leave car impact.
Policy record size parent boy. To industry quality life prepare so.'),
(468, 'Cell fear', 'Movie', 2018, 'G', '1h 24m', 'Message economy bring so strong reflect. Whose center write summer popular be dinner. Democrat really us everybody work.'),
(469, 'Charge only', 'Movie', 2000, 'TV-MA', '2h 58m', 'Necessary coach glass. Successful good avoid music.
Ability space herself guess early special. Success but necessary military writer yet never cause.'),
(470, 'Travel father', 'TV Show', 2016, 'TV-PG', '2 Seasons', 'Cell may process if. Surface child door. Kind sister probably fast soldier poor. Add too identify me.'),
(471, 'Husband', 'TV Show', 2017, 'TV-G', '10 Seasons', 'Throughout lead film. Church benefit our see pay hear.
Site level Mrs only direction wonder realize. Teach indicate street manager.'),
(472, 'Expert north yeah', 'TV Show', 2009, 'TV-Y', '2 Seasons', 'To word easy vote. Citizen almost close begin word meet smile back.
Until important camera miss. Ask remember fact be up bad.'),
(473, 'Little really population', 'Movie', 1991, 'TV-14', '1h 19m', 'Debate air push moment. Hear economy federal mean international food performance.'),
(474, 'Discuss certainly prepare', 'Movie', 2022, 'TV-Y', '2h 47m', 'Series party inside series piece. Grow similar part. Present official prepare imagine yes adult west law.'),
(475, 'Single her could', 'Movie', 1998, 'PG-13', '2h 42m', 'Source grow responsibility low street join. Into your any seven others.'),
(476, 'Describe', 'Movie', 2003, 'TV-Y', '1h 20m', 'Authority position step your threat. Form game include. Improve such win glass reveal real consider. Series will too necessary.'),
(477, 'Financial nature customer', 'Movie', 1985, 'PG', '1h 0m', 'Brother price data admit song pattern. Seven teacher break including. Enter different better everyone phone former east south.'),
(478, 'Television national just', 'TV Show', 2011, 'TV-G', '7 Seasons', 'Foreign of again body. Back yourself later though low relate. Whether theory finally official quickly.'),
(479, 'Sit my like', 'TV Show', 2023, 'TV-G', '4 Seasons', 'Push beyond attack. Fight well manage pressure information term late cell.'),
(480, 'Hotel either', 'TV Show', 2023, 'NC-17', '6 Seasons', 'Democratic whatever night leave man five level. After pass nothing with executive author address.'),
(481, 'Network', 'TV Show', 1998, 'TV-PG', '6 Seasons', 'Live lot any continue. But today tough less which. Religious middle might environment laugh agent protect. Move see at stop.'),
(482, 'Quite discussion', 'TV Show', 1985, 'TV-PG', '3 Seasons', 'Poor structure out business lay consumer concern. Station since relationship against life knowledge threat. Daughter care maintain heavy.'),
(483, 'Pay write tree', 'Movie', 1994, 'PG', '1h 15m', 'Hear recently check none might yet remain education. Machine soon wear half candidate. Chair those apply situation law.'),
(484, 'Social media sure', 'Movie', 1992, 'TV-Y7', '3h 20m', 'Behind hair why herself wrong certain field.
Gas discussion other deal ground during fly hear. Finish day animal hundred vote. Black young while as.'),
(485, 'Number guy', 'Movie', 1990, 'R', '1h 43m', 'Call surface beautiful brother beat. Leg pattern home baby radio. Citizen laugh force material out product kid.'),
(486, 'Goal two say near', 'Movie', 1982, 'TV-Y7', '3h 18m', 'Where oil add wish gas as clearly other. Song consumer now high game from. Then hospital seek fire government method.'),
(487, 'Start arm follow', 'Movie', 1995, 'R', '2h 30m', 'Data data choice condition. Until value option marriage side want.
Expect produce little study wide set. Writer two likely need there.'),
(488, 'Wind tough financial', 'Movie', 1982, 'G', '2h 46m', 'Parent full hospital Congress school. By here cost beyond know here.'),
(489, 'Imagine', 'Movie', 2022, 'R', '3h 39m', 'Theory affect serious century their stop city. Look sure citizen different. Everyone rise analysis machine.'),
(490, 'Service agency', 'Movie', 2022, 'TV-MA', '1h 6m', 'Environmental specific race detail inside moment chair. To federal draw according throughout tax.'),
(491, 'Between record happy director', 'Movie', 2016, 'R', '2h 19m', 'Career coach town difficult wait. Arrive people role.'),
(492, 'Ball several', 'TV Show', 1983, 'TV-PG', '10 Seasons', 'Son source plant small continue. Laugh main compare music pretty. Already may wrong word nation inside beautiful either.'),
(493, 'Still be someone', 'TV Show', 1982, 'TV-MA', '7 Seasons', 'My at newspaper voice dog man. Cover parent drop light moment. Film begin work will many evening another.'),
(494, 'After follow career', 'Movie', 1999, 'TV-G', '2h 30m', 'Coach indicate skill certain identify report. Style partner rich president field north common. Reduce size wish clear growth.'),
(495, 'Hold', 'TV Show', 1984, 'TV-G', '6 Seasons', 'Population case shake director run senior bring.
Thank often theory to produce image education. Our direction many agent appear. And always game.'),
(496, 'Reflect my', 'TV Show', 2020, 'TV-G', '7 Seasons', 'Safe behavior reflect main. Reality much gun imagine understand. Stuff wonder total race fall alone budget board.'),
(497, 'Their million movie me', 'Movie', 2008, 'R', '1h 49m', 'Address contain vote staff us idea star between. Report president moment operation church. Arm card executive deal value serious senior hundred.'),
(498, 'Program actually', 'TV Show', 2015, 'TV-Y7', '5 Seasons', 'Agency make recognize fight per democratic. Experience dinner miss into. Method director dream green.'),
(499, 'Gun decide finally', 'Movie', 2023, 'TV-PG', '3h 18m', 'Power five book people name establish entire. High theory less option.
On list baby.'),
(500, 'Stuff rich', 'TV Show', 1983, 'TV-G', '5 Seasons', 'Oil age moment school tell production people exactly. Audience right natural term.
Range argue hand worker. Floor together key tonight bag unit tell.');
CREATE TABLE genres (
    genre_id INT PRIMARY KEY,
    genre_name VARCHAR(50)
);

INSERT INTO genres (genre_id, genre_name) VALUES
(1, 'Horror'),
(2, 'Documentary'),
(3, 'Western'),
(4, 'Music'),
(5, 'Sci-Fi'),
(6, 'Adventure'),
(7, 'Biography'),
(8, 'Mystery'),
(9, 'Action'),
(10, 'Comedy'),
(11, 'War'),
(12, 'History'),
(13, 'Romance'),
(14, 'Thriller'),
(15, 'Sport'),
(16, 'Crime'),
(17, 'Animation'),
(18, 'Drama'),
(19, 'Family'),
(20, 'Fantasy');

CREATE TABLE users (
    user_id INT PRIMARY KEY,
    name VARCHAR(100),
    email VARCHAR(100) UNIQUE,
    join_date DATE,
    country VARCHAR(50)
);

INSERT INTO users (user_id, name, email, join_date, country) VALUES
(1, 'Ryan Sutton', 'osmith@flores.com', '2023-11-08', 'Malawi'),
(2, 'Krystal Cooley', 'dominguezmichelle@fernandez.com', '2022-09-10', 'Sweden'),
(3, 'Allison Rodriguez DVM', 'breannawheeler@watkins.org', '2024-12-04', 'Nepal'),
(4, 'William Cox', 'angela50@yahoo.com', '2025-02-09', 'Saint Lucia'),
(5, 'Deborah Webb', 'toddcummings@hotmail.com', '2022-08-16', 'Cambodia'),
(6, 'Sydney Oliver', 'woodwardmartha@allen.com', '2022-08-12', 'Malta'),
(7, 'Anthony Church', 'riceamber@hotmail.com', '2023-05-14', 'Maldives'),
(8, 'Monica Cox', 'troy34@yahoo.com', '2023-11-05', 'China'),
(9, 'Seth Casey', 'lewisaustin@hotmail.com', '2024-02-07', 'Liechtenstein'),
(10, 'Stephen Thomas', 'rtaylor@hines.com', '2025-02-03', 'Northern Mariana Islands'),
(11, 'Victoria Miller', 'qgraham@gmail.com', '2025-05-20', 'New Caledonia'),
(12, 'Victoria Dawson', 'roberthood@hotmail.com', '2023-07-09', 'Iceland'),
(13, 'Jay Juarez', 'aali@lindsey.com', '2023-01-17', 'Taiwan'),
(14, 'Jennifer Thompson', 'jeffrey86@yahoo.com', '2022-08-02', 'Tunisia'),
(15, 'Diana Patterson', 'rhonda08@maldonado.com', '2024-03-11', 'Greenland'),
(16, 'Angela Rodriguez', 'uporter@faulkner.net', '2023-10-30', 'Lesotho'),
(17, 'Dennis Bruce', 'williamharris@buchanan-hill.com', '2025-04-22', 'Kyrgyz Republic'),
(18, 'Jonathan Berg', 'qmiller@anderson.net', '2024-03-18', 'Latvia'),
(19, 'John Dixon', 'xwatkins@ali.com', '2025-05-25', 'India'),
(20, 'Jacob Thompson', 'morganprice@yahoo.com', '2022-12-27', 'Estonia'),
(21, 'Lauren Chavez', 'pkelley@hotmail.com', '2024-05-07', 'United States Virgin Islands'),
(22, 'Michael Stewart', 'jadeyu@gmail.com', '2023-08-17', 'Kuwait'),
(23, 'James Smith', 'ggarrison@frey.com', '2023-09-26', 'Trinidad and Tobago'),
(24, 'Jim Farrell', 'lisawebb@hotmail.com', '2023-08-18', 'Pitcairn Islands'),
(25, 'Ashley Leonard', 'msmith@garrison-harris.com', '2025-04-27', 'Norfolk Island'),
(26, 'Justin Barker', 'kruiz@hotmail.com', '2025-01-06', 'Faroe Islands'),
(27, 'David Parker', 'qwall@smith-hull.info', '2024-06-28', 'Norway'),
(28, 'James Ellis', 'carolyn53@yahoo.com', '2023-03-28', 'Turks and Caicos Islands'),
(29, 'Regina Floyd', 'amandagreene@hotmail.com', '2023-12-11', 'United Kingdom'),
(30, 'Michael Hughes MD', 'jholmes@curry.com', '2024-07-29', 'France'),
(31, 'Mary Ramsey', 'lisawilliams@freeman-smith.biz', '2023-01-05', 'Sao Tome and Principe'),
(32, 'Brian Garcia', 'kaitlinedwards@hotmail.com', '2025-03-02', 'Korea'),
(33, 'Christina Byrd', 'karen79@bullock-garcia.org', '2024-07-21', 'Macao'),
(34, 'Joseph Michael', 'omoss@yahoo.com', '2023-12-07', 'Saint Lucia'),
(35, 'Gerald Ryan', 'owensjoseph@hotmail.com', '2025-02-06', 'Guernsey'),
(36, 'Susan Walters', 'ppope@gmail.com', '2023-05-10', 'Cyprus'),
(37, 'Christopher Brock', 'cwilson@gmail.com', '2023-03-14', 'Kiribati'),
(38, 'Kimberly Dennis', 'gomeztheodore@myers.com', '2024-12-02', 'Cambodia'),
(39, 'Cody Parks', 'smithpeter@anderson.com', '2025-03-09', 'Iraq'),
(40, 'Matthew Hamilton', 'latkins@jones-richardson.com', '2025-03-12', 'Niger'),
(41, 'Latasha Day', 'josephkenneth@gmail.com', '2025-03-05', 'Italy'),
(42, 'Robert Smith', 'patricia11@hotmail.com', '2024-02-27', 'Somalia'),
(43, 'Misty Rogers', 'blairdebbie@frey.net', '2024-12-08', 'Saint Pierre and Miquelon'),
(44, 'Jasmine Wilson', 'janet37@blackburn.org', '2023-08-23', 'Saint Helena'),
(45, 'Matthew Harris', 'jennifer27@gmail.com', '2024-09-08', 'Nicaragua'),
(46, 'David Bartlett', 'matthewvillarreal@gmail.com', '2023-01-30', 'British Virgin Islands'),
(47, 'Michele Gibson', 'lindsay92@yahoo.com', '2024-07-16', 'Sudan'),
(48, 'Angel Woodward', 'guzmanbrandon@yahoo.com', '2023-11-17', 'India'),
(49, 'Tamara Cox', 'egregory@roberts-hanna.com', '2025-05-03', 'Belgium'),
(50, 'Lindsay Sosa', 'edgarrice@hotmail.com', '2023-07-13', 'French Southern Territories'),
(51, 'Steve Gomez', 'juliesmith@gmail.com', '2025-04-20', 'France'),
(52, 'Anthony Gonzales', 'lynnpope@mcdonald-rodriguez.com', '2023-08-20', 'Kazakhstan'),
(53, 'Emily Cole', 'john91@yahoo.com', '2024-10-25', 'Namibia'),
(54, 'Jennifer Maxwell', 'travisrobertson@weiss.com', '2024-06-10', 'Guernsey'),
(55, 'Lori Fuller', 'pfarmer@gmail.com', '2025-01-15', 'Paraguay'),
(56, 'Anthony Austin', 'lmitchell@hotmail.com', '2022-07-30', 'Germany'),
(57, 'Vanessa Moreno', 'kennethochoa@young.com', '2023-04-26', 'Saint Vincent and the Grenadines'),
(58, 'Lisa Rivera', 'danielscassandra@martinez.com', '2023-05-18', 'Chad'),
(59, 'David Davidson', 'steven53@cole-myers.com', '2025-03-13', 'American Samoa'),
(60, 'Mark Phillips', 'martindavid@miller-gonzalez.com', '2023-03-18', 'Uzbekistan'),
(61, 'Juan Cook', 'jason27@reed.com', '2023-10-03', 'Botswana'),
(62, 'Tyler Chan', 'benjamin84@martin.com', '2024-12-18', 'Honduras'),
(63, 'Christopher Beck', 'estevens@campbell-chan.com', '2023-08-24', 'Austria'),
(64, 'Brittany Heath', 'ybauer@anderson.com', '2024-02-16', 'United States of America'),
(65, 'Michelle Mitchell', 'oboyer@martinez-benton.com', '2023-01-02', 'Georgia'),
(66, 'Veronica Green', 'fordchristina@knapp.com', '2025-06-23', 'Switzerland'),
(67, 'Mary Walker', 'ssanders@mosley.com', '2025-01-06', 'Liechtenstein'),
(68, 'Danielle Giles', 'claudia31@hotmail.com', '2024-12-17', 'Ukraine'),
(69, 'Christopher Jones', 'denise80@hotmail.com', '2024-06-04', 'Taiwan'),
(70, 'Tracy Hodges', 'richard96@gmail.com', '2024-08-20', 'American Samoa'),
(71, 'Ann Brewer', 'tiffanymays@joseph-watson.org', '2024-08-19', 'Israel'),
(72, 'Todd Hall', 'mark75@murray.net', '2023-04-24', 'Isle of Man'),
(73, 'Steven Mason', 'foxjustin@gmail.com', '2024-02-28', 'Ireland'),
(74, 'Bobby Castaneda', 'christy92@hawkins-gutierrez.com', '2025-06-27', 'New Zealand'),
(75, 'Stephen Taylor', 'frank53@webster-lucas.com', '2025-03-13', 'Dominican Republic'),
(76, 'Lisa Hess', 'casey96@horton.net', '2022-10-23', 'Georgia'),
(77, 'Kristina Villa', 'santiagokristen@martin.com', '2025-05-19', 'Kazakhstan'),
(78, 'Isaac Reynolds', 'melissa91@taylor-james.org', '2024-03-07', 'Vietnam'),
(79, 'Carolyn Robinson', 'ooliver@gmail.com', '2024-03-14', 'Jordan'),
(80, 'Shannon Mcmahon', 'pellis@hotmail.com', '2023-05-17', 'Austria'),
(81, 'Ricardo Bennett', 'aliciafuentes@hall.net', '2024-02-21', 'Oman'),
(82, 'Cynthia Gutierrez', 'amandapalmer@ingram.com', '2024-09-04', 'Netherlands'),
(83, 'John Vaughn', 'bakersamuel@terry.com', '2025-02-08', 'Costa Rica'),
(84, 'Ryan Koch', 'qtorres@hotmail.com', '2023-12-25', 'Israel'),
(85, 'Robert Williams', 'ryan98@yahoo.com', '2025-05-15', 'Saint Barthelemy'),
(86, 'Bobby Humphrey', 'onealtara@garcia-ayala.com', '2025-02-22', 'Mauritania'),
(87, 'Melissa Brock', 'eduardo98@gmail.com', '2023-11-26', 'Uganda'),
(88, 'Lori Johnson', 'millsjennifer@gmail.com', '2025-06-22', 'Saint Barthelemy'),
(89, 'Jonathan Williams', 'wmcpherson@hotmail.com', '2023-03-23', 'Saint Lucia'),
(90, 'Vincent Kirk', 'corey93@sanchez-brown.info', '2023-10-12', 'Belarus'),
(91, 'Joseph Perkins', 'omcdonald@bond-miller.com', '2023-02-04', 'Zambia'),
(92, 'Jeanette Davis', 'kellythompson@yahoo.com', '2024-08-26', 'Cocos (Keeling) Islands'),
(93, 'Nicholas Skinner', 'yatesvictor@carlson.com', '2025-06-29', 'Northern Mariana Islands'),
(94, 'Erika Freeman', 'hwilliams@black.com', '2023-10-17', 'Lesotho'),
(95, 'Justin Young', 'lisamoore@yahoo.com', '2023-07-22', 'Netherlands Antilles'),
(96, 'Jack Mills', 'david34@gmail.com', '2022-09-22', 'Spain'),
(97, 'Dennis Torres', 'gonzaleztravis@villegas-johnson.com', '2024-07-23', 'Malta'),
(98, 'John Reed', 'amywilliams@yahoo.com', '2023-06-02', 'Slovakia (Slovak Republic)'),
(99, 'Damon Guerrero', 'smithsophia@hotmail.com', '2023-05-11', 'British Indian Ocean Territory (Chagos Archipelago)'),
(100, 'Michael Burns', 'xparker@hotmail.com', '2025-05-19', 'Samoa');

CREATE TABLE ratings (
    user_id INT,
    movie_id INT,
    rating INT CHECK (rating BETWEEN 1 AND 5),
    rated_at DATE,
    PRIMARY KEY (user_id, movie_id),
    FOREIGN KEY (user_id) REFERENCES users(user_id),
    FOREIGN KEY (movie_id) REFERENCES movies(movie_id)
);

INSERT INTO ratings (user_id, movie_id, rating, rated_at) VALUES
(38, 261, 1, '2024-06-23'),
(26, 268, 2, '2023-03-04'),
(45, 129, 5, '2024-05-29'),
(79, 42, 5, '2022-07-12'),
(51, 361, 5, '2025-07-07'),
(95, 157, 3, '2024-07-07'),
(99, 109, 2, '2023-03-12'),
(72, 393, 4, '2022-12-14'),
(69, 495, 2, '2023-03-03'),
(24, 353, 4, '2025-01-05'),
(97, 337, 3, '2023-01-30'),
(55, 331, 1, '2023-08-01'),
(27, 498, 4, '2023-04-09'),
(87, 409, 1, '2025-06-26'),
(70, 338, 2, '2024-01-04'),
(41, 24, 4, '2023-05-28'),
(81, 496, 4, '2024-11-06'),
(64, 425, 5, '2025-06-17'),
(71, 321, 5, '2023-07-11'),
(20, 486, 4, '2022-07-29'),
(85, 466, 1, '2023-03-16'),
(32, 460, 3, '2023-09-29'),
(49, 391, 4, '2023-09-28'),
(19, 112, 4, '2025-01-24'),
(44, 285, 4, '2023-01-28'),
(41, 298, 1, '2022-12-03'),
(97, 440, 4, '2023-05-10'),
(98, 414, 4, '2022-09-23'),
(4, 496, 1, '2025-01-02'),
(10, 63, 2, '2022-11-02'),
(85, 66, 1, '2023-06-29'),
(33, 312, 3, '2023-10-24'),
(56, 277, 5, '2023-09-14'),
(26, 425, 1, '2022-08-14'),
(38, 238, 5, '2024-06-12'),
(88, 495, 5, '2023-08-08'),
(78, 45, 4, '2023-12-07'),
(75, 147, 3, '2023-10-11'),
(4, 105, 2, '2022-11-15'),
(26, 16, 4, '2023-06-23'),
(32, 87, 1, '2024-09-28'),
(57, 260, 2, '2022-10-25'),
(75, 156, 3, '2024-12-10'),
(86, 67, 4, '2022-10-13'),
(92, 465, 3, '2024-11-17'),
(95, 363, 1, '2023-06-14'),
(92, 474, 2, '2023-03-23'),
(95, 372, 5, '2025-05-28'),
(10, 157, 4, '2025-02-18'),
(16, 88, 2, '2025-01-26'),
(90, 275, 4, '2024-07-05'),
(52, 181, 2, '2025-04-13'),
(79, 46, 3, '2023-12-24'),
(29, 36, 1, '2024-10-19'),
(80, 499, 1, '2024-08-06'),
(1, 355, 1, '2023-09-16'),
(76, 358, 3, '2024-10-15'),
(72, 415, 4, '2023-03-28'),
(16, 362, 4, '2024-01-30'),
(5, 325, 5, '2024-08-21'),
(33, 15, 2, '2024-11-11'),
(52, 266, 3, '2024-02-08'),
(4, 226, 3, '2023-03-08'),
(26, 137, 1, '2024-04-05'),
(61, 104, 4, '2024-04-12'),
(63, 312, 1, '2025-01-03'),
(97, 188, 5, '2025-02-19'),
(92, 357, 5, '2023-01-06'),
(71, 401, 4, '2023-06-23'),
(82, 401, 1, '2024-07-26'),
(9, 188, 5, '2023-09-01'),
(84, 102, 4, '2024-07-26'),
(95, 102, 4, '2025-06-04'),
(95, 111, 3, '2025-06-10'),
(32, 320, 2, '2023-11-14'),
(77, 242, 5, '2022-11-20'),
(33, 154, 5, '2024-03-20'),
(7, 254, 3, '2024-09-08'),
(21, 427, 4, '2025-02-27'),
(25, 150, 4, '2024-04-21'),
(47, 299, 5, '2024-02-11'),
(38, 89, 1, '2022-10-15'),
(25, 397, 1, '2023-05-09'),
(65, 115, 1, '2024-05-15'),
(63, 42, 4, '2025-01-24'),
(8, 255, 5, '2023-02-07'),
(11, 489, 5, '2024-01-16'),
(40, 296, 1, '2024-11-23'),
(93, 33, 3, '2025-02-16'),
(20, 485, 2, '2025-06-01'),
(81, 315, 5, '2022-10-14'),
(8, 340, 4, '2023-01-18'),
(96, 462, 4, '2023-05-10'),
(12, 490, 5, '2023-07-20'),
(54, 87, 4, '2025-06-30'),
(13, 46, 5, '2024-12-07'),
(20, 94, 1, '2022-07-28'),
(21, 148, 5, '2025-04-21'),
(49, 219, 2, '2025-04-15'),
(63, 163, 3, '2022-08-20'),
(46, 479, 2, '2025-06-13'),
(90, 18, 2, '2024-03-16'),
(75, 393, 4, '2024-05-04'),
(69, 233, 3, '2023-08-24'),
(28, 43, 1, '2024-07-23'),
(91, 230, 2, '2023-11-13'),
(1, 336, 5, '2022-12-13'),
(36, 303, 4, '2024-01-08'),
(8, 470, 5, '2025-01-04'),
(90, 283, 4, '2023-10-30'),
(31, 206, 3, '2023-11-23'),
(22, 148, 5, '2025-04-13'),
(69, 318, 1, '2025-05-30'),
(24, 176, 5, '2022-10-08'),
(14, 153, 3, '2023-11-30'),
(25, 10, 4, '2025-01-20'),
(75, 267, 3, '2023-06-19'),
(84, 474, 5, '2022-12-09'),
(41, 274, 5, '2024-12-08'),
(85, 33, 2, '2023-02-10'),
(35, 212, 1, '2023-10-08'),
(38, 205, 5, '2024-10-30'),
(51, 58, 2, '2023-05-31'),
(4, 72, 4, '2022-09-16'),
(12, 323, 5, '2023-01-09'),
(94, 374, 4, '2025-04-21'),
(86, 281, 1, '2023-01-11'),
(83, 392, 4, '2024-11-05'),
(17, 29, 1, '2023-12-07'),
(59, 291, 5, '2023-10-03'),
(97, 296, 3, '2022-09-26'),
(36, 298, 2, '2022-12-27'),
(82, 265, 4, '2023-02-03'),
(55, 311, 5, '2022-11-20'),
(67, 124, 1, '2023-01-20'),
(7, 91, 3, '2023-08-05'),
(12, 444, 4, '2022-12-01'),
(59, 138, 2, '2024-08-12'),
(26, 113, 3, '2022-08-19'),
(32, 422, 1, '2023-01-29'),
(79, 116, 4, '2022-10-26'),
(80, 322, 3, '2023-01-02'),
(71, 112, 2, '2023-10-31'),
(97, 393, 1, '2022-09-16'),
(98, 129, 4, '2024-01-16'),
(34, 221, 5, '2024-02-07'),
(91, 346, 4, '2025-04-18'),
(2, 30, 3, '2023-02-16'),
(2, 268, 1, '2023-02-13'),
(39, 317, 5, '2022-10-10'),
(80, 178, 5, '2024-07-02'),
(29, 151, 3, '2023-05-28'),
(17, 433, 3, '2022-09-16'),
(73, 157, 2, '2025-02-26'),
(46, 487, 1, '2024-03-23'),
(68, 60, 1, '2022-11-22'),
(73, 175, 1, '2024-09-28'),
(88, 84, 2, '2023-01-30'),
(50, 457, 3, '2024-04-28'),
(2, 142, 1, '2024-03-17'),
(81, 435, 2, '2023-09-06'),
(62, 431, 5, '2024-07-05'),
(99, 340, 4, '2024-01-13'),
(38, 330, 4, '2022-08-11'),
(59, 124, 3, '2022-08-30'),
(91, 485, 2, '2024-04-01'),
(16, 153, 5, '2024-05-04'),
(11, 56, 4, '2025-03-13'),
(35, 175, 2, '2023-04-30'),
(24, 184, 1, '2024-01-11'),
(52, 493, 1, '2025-05-23'),
(32, 8, 4, '2023-06-26'),
(37, 212, 3, '2023-08-10'),
(10, 267, 2, '2024-07-21'),
(45, 472, 1, '2024-06-19'),
(55, 427, 5, '2022-11-30'),
(74, 288, 2, '2023-06-01'),
(72, 80, 5, '2025-01-18'),
(85, 288, 3, '2024-01-22'),
(14, 246, 3, '2024-05-17'),
(75, 113, 5, '2024-08-27'),
(72, 89, 4, '2023-05-25'),
(26, 229, 4, '2022-12-09'),
(12, 331, 2, '2024-04-29'),
(55, 265, 2, '2022-09-30'),
(98, 474, 5, '2025-01-07'),
(99, 308, 4, '2023-07-05'),
(10, 141, 1, '2024-01-07'),
(63, 242, 3, '2022-12-31'),
(60, 227, 1, '2024-06-25'),
(46, 329, 1, '2023-01-27'),
(38, 87, 3, '2024-11-02'),
(40, 496, 4, '2024-09-25'),
(30, 473, 1, '2025-05-17'),
(64, 197, 4, '2023-03-11'),
(72, 448, 5, '2022-07-30'),
(61, 308, 2, '2023-04-02'),
(65, 171, 5, '2024-03-25'),
(13, 417, 1, '2024-03-11'),
(43, 3, 1, '2022-10-12'),
(56, 220, 1, '2023-12-09'),
(84, 50, 4, '2022-11-24'),
(16, 422, 4, '2023-12-09'),
(92, 152, 3, '2022-10-31'),
(99, 200, 2, '2025-05-06'),
(65, 436, 2, '2023-03-31'),
(100, 403, 1, '2022-10-01'),
(62, 309, 3, '2022-09-27'),
(68, 212, 2, '2022-11-29'),
(50, 173, 2, '2023-11-07'),
(96, 51, 4, '2023-05-10'),
(53, 318, 5, '2023-12-19'),
(53, 89, 5, '2024-04-22'),
(73, 394, 3, '2024-06-17'),
(54, 152, 2, '2025-02-17'),
(3, 79, 2, '2024-12-28'),
(18, 229, 5, '2025-01-22'),
(71, 232, 4, '2025-03-23'),
(22, 101, 4, '2023-05-26'),
(36, 274, 5, '2024-07-30'),
(50, 20, 4, '2024-02-03'),
(71, 241, 5, '2024-03-18'),
(57, 315, 2, '2022-12-08'),
(65, 328, 1, '2023-06-04'),
(9, 275, 1, '2024-01-11'),
(86, 369, 5, '2023-09-26'),
(99, 159, 1, '2022-10-04'),
(72, 205, 4, '2023-08-12'),
(30, 68, 1, '2024-10-05'),
(70, 388, 4, '2022-11-06'),
(58, 145, 5, '2025-01-24'),
(90, 366, 1, '2024-11-01'),
(43, 254, 2, '2025-03-24'),
(44, 79, 2, '2024-01-04'),
(46, 436, 2, '2025-02-01'),
(27, 157, 2, '2024-07-09'),
(44, 88, 5, '2022-08-11'),
(14, 236, 2, '2024-01-01'),
(58, 410, 2, '2024-05-21'),
(63, 376, 3, '2024-09-02'),
(70, 244, 4, '2025-03-21'),
(53, 84, 5, '2025-03-10'),
(56, 89, 2, '2023-09-07'),
(76, 296, 1, '2024-06-06'),
(29, 221, 4, '2023-07-29'),
(19, 198, 5, '2025-05-18'),
(7, 471, 3, '2022-08-23'),
(16, 300, 2, '2023-05-26'),
(69, 266, 3, '2023-01-20'),
(76, 314, 5, '2024-06-08'),
(97, 108, 1, '2024-08-02'),
(11, 203, 2, '2022-12-29'),
(72, 429, 5, '2023-01-14'),
(2, 212, 5, '2022-09-15'),
(39, 23, 4, '2024-07-13'),
(7, 327, 1, '2023-11-07'),
(53, 443, 1, '2025-01-27'),
(98, 356, 5, '2022-11-08'),
(51, 6, 3, '2024-06-29'),
(3, 204, 1, '2025-05-07'),
(93, 497, 4, '2024-01-09'),
(74, 493, 5, '2023-03-10'),
(66, 251, 5, '2023-02-04'),
(15, 178, 1, '2022-07-15'),
(14, 451, 5, '2025-04-28'),
(33, 74, 4, '2023-07-20'),
(61, 145, 3, '2025-02-17'),
(64, 43, 1, '2023-09-24'),
(67, 225, 5, '2024-02-16'),
(87, 54, 2, '2023-03-11'),
(96, 23, 4, '2025-07-08'),
(60, 338, 2, '2023-01-01'),
(94, 349, 2, '2024-12-07'),
(89, 243, 2, '2023-03-07'),
(25, 97, 5, '2024-01-28'),
(70, 477, 3, '2024-04-13'),
(2, 333, 3, '2025-02-05'),
(48, 211, 3, '2024-02-11'),
(42, 415, 1, '2023-08-06'),
(26, 34, 5, '2022-09-04'),
(57, 278, 2, '2024-06-26'),
(36, 493, 3, '2023-11-11'),
(25, 353, 3, '2024-03-15'),
(51, 127, 4, '2024-09-22'),
(90, 473, 1, '2023-11-06'),
(69, 270, 2, '2024-05-16'),
(13, 366, 4, '2023-05-09'),
(19, 449, 3, '2023-04-01'),
(32, 141, 2, '2022-11-16'),
(57, 314, 4, '2024-02-26'),
(64, 173, 4, '2025-02-07'),
(19, 31, 4, '2022-12-10'),
(78, 117, 3, '2023-09-14'),
(15, 326, 3, '2024-08-16'),
(37, 174, 3, '2023-11-08'),
(30, 49, 1, '2025-07-08'),
(64, 429, 5, '2023-09-12'),
(100, 370, 1, '2025-04-05'),
(76, 174, 2, '2024-09-29'),
(22, 203, 2, '2023-03-17'),
(72, 33, 1, '2025-03-09'),
(13, 2, 2, '2025-03-16'),
(1, 9, 1, '2024-05-06'),
(66, 493, 2, '2024-12-02'),
(57, 8, 1, '2022-09-22'),
(67, 229, 2, '2024-08-28'),
(61, 396, 3, '2023-08-11'),
(89, 476, 3, '2025-04-25'),
(82, 199, 4, '2024-01-04'),
(15, 20, 3, '2022-09-29'),
(29, 193, 5, '2024-11-04'),
(5, 244, 2, '2024-07-24'),
(68, 282, 1, '2023-03-12'),
(71, 464, 2, '2023-09-25'),
(47, 79, 2, '2023-01-22'),
(19, 8, 1, '2024-07-13'),
(72, 163, 5, '2025-03-30'),
(50, 23, 5, '2023-01-29'),
(77, 278, 1, '2024-01-20'),
(23, 396, 5, '2023-08-09'),
(48, 480, 1, '2024-09-26'),
(60, 445, 4, '2023-10-03'),
(24, 370, 4, '2022-08-12'),
(7, 299, 3, '2023-08-30'),
(73, 235, 4, '2023-10-16'),
(17, 102, 1, '2024-02-19'),
(39, 13, 3, '2025-03-13'),
(53, 186, 5, '2023-10-06'),
(76, 151, 5, '2024-03-17'),
(16, 384, 4, '2025-06-04'),
(12, 5, 3, '2023-11-23'),
(23, 5, 1, '2023-08-22'),
(52, 41, 4, '2025-06-02'),
(83, 56, 1, '2023-01-17'),
(95, 39, 4, '2025-02-17'),
(44, 64, 1, '2024-01-29'),
(52, 77, 3, '2023-01-06'),
(57, 421, 4, '2022-09-26'),
(11, 152, 5, '2023-07-06'),
(46, 268, 4, '2024-11-06'),
(63, 208, 3, '2025-02-06'),
(17, 488, 4, '2024-05-26'),
(12, 382, 5, '2024-11-19'),
(8, 3, 4, '2025-02-23'),
(21, 211, 3, '2023-06-16'),
(96, 125, 2, '2023-03-08'),
(23, 391, 1, '2022-10-07'),
(34, 150, 2, '2024-11-16'),
(69, 269, 3, '2024-01-13'),
(94, 442, 5, '2024-09-13'),
(18, 56, 1, '2024-03-02'),
(21, 229, 4, '2024-11-23'),
(100, 95, 3, '2025-06-05'),
(8, 30, 2, '2025-02-01'),
(82, 306, 2, '2024-02-26'),
(11, 264, 4, '2025-02-19'),
(92, 109, 4, '2024-12-09'),
(39, 255, 2, '2022-11-10'),
(23, 238, 1, '2025-02-14'),
(3, 180, 2, '2024-09-04'),
(46, 389, 5, '2025-03-18'),
(25, 464, 5, '2024-05-21'),
(3, 198, 5, '2023-02-03'),
(38, 165, 1, '2024-02-12'),
(43, 472, 4, '2025-03-03'),
(45, 24, 5, '2023-05-09'),
(52, 310, 1, '2022-11-16'),
(42, 135, 2, '2023-06-19'),
(6, 352, 2, '2023-02-09'),
(27, 146, 2, '2023-06-03'),
(83, 145, 3, '2023-10-08'),
(17, 209, 2, '2023-07-27'),
(2, 309, 5, '2024-05-30'),
(49, 430, 4, '2022-10-13'),
(88, 498, 4, '2024-05-19'),
(98, 444, 5, '2022-10-31'),
(27, 402, 1, '2023-06-07'),
(36, 469, 4, '2024-08-22'),
(66, 92, 3, '2022-08-11'),
(66, 330, 1, '2025-01-27'),
(68, 272, 1, '2025-04-30'),
(91, 423, 5, '2022-10-30'),
(77, 259, 3, '2024-09-19'),
(89, 313, 4, '2023-12-24'),
(34, 136, 5, '2024-01-06'),
(17, 65, 4, '2023-08-20'),
(24, 113, 4, '2022-12-05'),
(43, 364, 2, '2024-03-22'),
(16, 347, 5, '2025-06-02'),
(24, 378, 4, '2025-05-25'),
(33, 454, 5, '2025-04-09'),
(57, 155, 3, '2022-11-03'),
(66, 222, 1, '2024-12-16'),
(29, 322, 3, '2025-06-26'),
(49, 151, 3, '2023-03-08'),
(48, 173, 2, '2025-07-11'),
(31, 102, 3, '2022-08-15'),
(96, 497, 4, '2024-10-14'),
(44, 319, 3, '2025-03-11'),
(62, 355, 3, '2023-11-08'),
(24, 72, 2, '2022-07-28'),
(32, 85, 1, '2024-09-29'),
(83, 396, 1, '2023-09-21'),
(5, 494, 1, '2023-09-03'),
(64, 391, 5, '2025-01-09'),
(30, 249, 2, '2024-04-03'),
(63, 310, 5, '2025-02-11'),
(27, 100, 3, '2023-06-24'),
(31, 250, 2, '2023-05-23'),
(41, 44, 2, '2024-09-11'),
(58, 353, 2, '2022-12-14'),
(15, 382, 5, '2022-09-20'),
(66, 473, 1, '2023-01-09'),
(45, 23, 2, '2024-12-04'),
(35, 476, 4, '2023-06-02'),
(86, 33, 3, '2025-02-14'),
(25, 301, 2, '2023-04-14'),
(39, 348, 1, '2023-03-07'),
(78, 38, 2, '2023-10-07'),
(67, 47, 3, '2022-07-13'),
(66, 329, 5, '2022-12-28'),
(29, 429, 1, '2024-10-10'),
(72, 381, 3, '2024-02-08'),
(59, 70, 3, '2024-08-10'),
(58, 492, 3, '2025-06-15'),
(36, 315, 2, '2024-09-17'),
(45, 144, 2, '2023-12-03'),
(19, 482, 4, '2025-03-31'),
(73, 224, 5, '2024-06-13'),
(20, 218, 1, '2023-04-13'),
(28, 320, 4, '2023-02-06'),
(9, 78, 2, '2022-07-12'),
(39, 469, 2, '2025-06-23'),
(58, 92, 4, '2025-05-20'),
(41, 21, 3, '2022-11-22'),
(85, 436, 4, '2022-10-30'),
(93, 449, 2, '2024-03-26'),
(92, 103, 2, '2024-07-24'),
(5, 336, 4, '2024-10-03'),
(78, 177, 4, '2025-05-30'),
(43, 448, 2, '2024-03-29'),
(62, 71, 5, '2024-10-26'),
(32, 457, 5, '2023-04-14'),
(25, 269, 5, '2024-02-26'),
(86, 10, 5, '2023-06-06'),
(2, 38, 2, '2024-07-02'),
(1, 222, 1, '2022-07-23'),
(18, 153, 5, '2025-06-23'),
(22, 16, 2, '2022-09-13'),
(30, 118, 3, '2022-09-23'),
(34, 18, 1, '2024-09-11'),
(96, 478, 3, '2022-09-13'),
(35, 471, 4, '2023-11-10'),
(86, 28, 1, '2023-03-15'),
(17, 194, 5, '2023-03-14'),
(12, 335, 4, '2022-09-05'),
(94, 386, 1, '2023-12-10'),
(13, 71, 4, '2024-03-13'),
(88, 74, 1, '2024-11-21'),
(15, 251, 3, '2023-08-11'),
(78, 289, 2, '2024-06-13'),
(84, 369, 2, '2023-10-20'),
(8, 221, 1, '2023-07-16'),
(37, 117, 5, '2024-11-22'),
(10, 163, 5, '2025-02-12'),
(92, 71, 2, '2024-12-13'),
(85, 184, 4, '2022-11-24'),
(94, 13, 2, '2023-08-08'),
(30, 257, 1, '2022-08-15'),
(100, 331, 3, '2022-12-29'),
(75, 256, 5, '2025-04-17'),
(98, 132, 4, '2024-08-16'),
(60, 276, 2, '2022-08-27'),
(98, 150, 1, '2024-09-05'),
(10, 266, 3, '2022-09-23'),
(56, 260, 3, '2024-02-17'),
(28, 189, 2, '2022-11-08'),
(3, 254, 2, '2023-09-11'),
(77, 203, 5, '2024-12-28'),
(74, 305, 3, '2024-12-20'),
(14, 281, 2, '2024-10-13'),
(6, 417, 3, '2025-05-09'),
(7, 242, 4, '2024-04-28'),
(42, 218, 3, '2023-01-13'),
(3, 110, 1, '2022-12-01'),
(62, 196, 2, '2025-05-29'),
(4, 362, 5, '2025-03-12'),
(20, 190, 3, '2022-11-26'),
(28, 292, 4, '2022-12-31'),
(75, 233, 3, '2025-03-27'),
(44, 416, 1, '2024-08-10'),
(60, 244, 4, '2024-05-27'),
(95, 211, 1, '2024-01-21'),
(6, 273, 4, '2024-01-04'),
(23, 204, 2, '2023-01-14'),
(74, 426, 4, '2025-05-15'),
(17, 319, 4, '2024-06-04'),
(50, 78, 4, '2025-01-23'),
(86, 400, 3, '2023-10-17'),
(95, 238, 2, '2023-08-04'),
(53, 232, 1, '2023-12-09'),
(12, 469, 2, '2024-12-09'),
(36, 161, 4, '2024-03-03'),
(81, 74, 1, '2023-08-28'),
(100, 164, 4, '2022-10-01'),
(93, 277, 1, '2024-06-06'),
(82, 137, 5, '2023-02-06'),
(22, 235, 1, '2025-03-28'),
(28, 166, 2, '2025-05-20'),
(92, 178, 3, '2024-07-21'),
(27, 359, 2, '2024-05-26'),
(21, 145, 2, '2025-07-06'),
(40, 158, 4, '2024-12-19'),
(1, 50, 1, '2024-05-13'),
(61, 190, 1, '2025-05-10'),
(28, 13, 3, '2023-10-10'),
(46, 485, 5, '2024-10-05'),
(16, 295, 3, '2023-05-06'),
(57, 485, 4, '2024-03-04'),
(95, 368, 5, '2025-06-26'),
(41, 397, 3, '2024-08-06'),
(2, 378, 2, '2022-07-23'),
(5, 294, 5, '2025-05-12'),
(38, 90, 2, '2025-01-05'),
(22, 136, 3, '2025-05-29'),
(78, 126, 4, '2023-02-01'),
(7, 84, 4, '2022-12-29'),
(74, 412, 5, '2023-06-16'),
(20, 212, 1, '2023-02-16'),
(80, 315, 1, '2022-08-06'),
(83, 488, 5, '2025-04-03'),
(30, 67, 3, '2025-04-04'),
(15, 115, 2, '2023-12-26'),
(89, 391, 5, '2023-05-12'),
(76, 192, 1, '2022-10-10'),
(59, 396, 2, '2022-10-27'),
(39, 301, 1, '2025-07-11'),
(93, 281, 4, '2024-04-01'),
(95, 71, 3, '2023-05-29'),
(37, 237, 1, '2025-07-01'),
(83, 353, 1, '2023-03-30'),
(15, 209, 5, '2024-07-02'),
(5, 424, 3, '2022-09-20'),
(47, 12, 5, '2022-09-04'),
(70, 32, 5, '2024-01-25'),
(24, 312, 1, '2025-07-02'),
(38, 58, 4, '2025-03-19'),
(61, 450, 3, '2023-10-25'),
(77, 40, 5, '2025-05-03'),
(76, 84, 4, '2024-07-25'),
(86, 107, 3, '2023-02-28'),
(37, 340, 2, '2025-05-06'),
(40, 247, 2, '2025-05-26'),
(11, 220, 3, '2024-03-22'),
(14, 356, 5, '2023-04-10'),
(20, 198, 3, '2023-08-22'),
(42, 46, 4, '2023-05-16'),
(18, 88, 4, '2022-10-04'),
(80, 72, 4, '2025-03-21'),
(6, 272, 2, '2023-05-25'),
(4, 199, 3, '2024-07-26'),
(42, 64, 1, '2024-10-19'),
(71, 109, 4, '2024-06-24'),
(6, 290, 1, '2025-04-30'),
(20, 463, 2, '2024-01-07'),
(30, 309, 1, '2025-05-21'),
(97, 399, 4, '2023-08-16'),
(74, 254, 5, '2023-02-15'),
(43, 437, 2, '2024-07-07'),
(53, 231, 1, '2024-11-14'),
(62, 298, 1, '2023-02-06'),
(59, 400, 4, '2023-09-28'),
(76, 443, 5, '2023-06-13'),
(20, 301, 3, '2024-09-22'),
(77, 179, 2, '2024-04-22'),
(3, 477, 4, '2024-05-19'),
(9, 408, 4, '2025-03-10'),
(33, 100, 4, '2022-07-16'),
(41, 351, 3, '2023-07-17'),
(86, 264, 3, '2025-04-19'),
(90, 216, 3, '2024-08-01'),
(52, 369, 3, '2025-05-06'),
(90, 481, 1, '2024-09-18'),
(82, 239, 2, '2024-03-09'),
(56, 339, 5, '2024-12-25'),
(93, 388, 4, '2025-04-20'),
(42, 450, 5, '2022-10-17'),
(94, 460, 4, '2025-02-26'),
(31, 431, 1, '2023-12-18'),
(52, 225, 1, '2025-04-14'),
(93, 415, 1, '2024-01-25'),
(53, 199, 4, '2024-03-13'),
(87, 201, 2, '2023-01-05'),
(98, 350, 1, '2025-03-05'),
(89, 381, 5, '2022-11-22'),
(70, 139, 2, '2022-08-27'),
(9, 120, 2, '2022-09-09'),
(81, 288, 3, '2025-04-03'),
(87, 219, 3, '2025-02-28'),
(56, 451, 5, '2025-01-17'),
(3, 207, 4, '2024-07-12'),
(51, 18, 2, '2022-12-18'),
(73, 302, 4, '2024-11-21'),
(83, 96, 5, '2023-07-21'),
(4, 41, 5, '2022-09-27'),
(61, 157, 1, '2023-08-05'),
(77, 412, 5, '2024-07-24'),
(54, 307, 2, '2022-07-23'),
(52, 108, 3, '2022-11-08'),
(88, 49, 4, '2023-10-13'),
(38, 466, 4, '2025-02-28'),
(61, 431, 2, '2022-12-22'),
(21, 224, 1, '2024-06-26'),
(43, 135, 4, '2025-06-04'),
(11, 201, 5, '2023-12-10'),
(40, 237, 1, '2023-03-22'),
(90, 76, 5, '2025-01-20'),
(61, 278, 2, '2022-07-25'),
(8, 34, 3, '2025-06-24'),
(48, 497, 2, '2024-07-31'),
(89, 358, 3, '2024-02-15'),
(98, 345, 3, '2022-07-12'),
(47, 132, 5, '2023-12-16'),
(90, 341, 2, '2022-11-29'),
(96, 183, 4, '2024-08-14'),
(63, 95, 1, '2023-09-01'),
(33, 243, 2, '2023-09-17'),
(18, 343, 3, '2022-11-05'),
(4, 18, 3, '2024-12-20'),
(34, 446, 4, '2025-02-03'),
(23, 31, 5, '2023-04-15'),
(30, 317, 4, '2025-04-01'),
(42, 319, 2, '2025-06-21'),
(88, 435, 4, '2024-02-18'),
(28, 402, 4, '2024-11-05'),
(46, 29, 1, '2024-01-10'),
(21, 381, 1, '2024-11-23'),
(10, 115, 4, '2024-01-14'),
(54, 149, 4, '2024-10-05'),
(32, 112, 1, '2022-12-13'),
(80, 439, 3, '2024-07-30'),
(92, 270, 1, '2023-09-10'),
(50, 26, 2, '2022-10-10'),
(35, 126, 2, '2022-09-27'),
(62, 418, 4, '2024-02-27'),
(39, 7, 4, '2023-02-06'),
(91, 45, 4, '2023-12-13'),
(62, 247, 3, '2023-06-21'),
(89, 124, 3, '2024-09-06'),
(1, 151, 2, '2025-05-15'),
(35, 153, 1, '2024-03-26'),
(13, 391, 3, '2025-04-30'),
(34, 194, 3, '2024-07-21'),
(28, 123, 4, '2024-06-08'),
(56, 194, 1, '2023-08-13'),
(74, 239, 4, '2024-10-26'),
(88, 412, 3, '2023-06-20'),
(94, 306, 2, '2023-09-15'),
(76, 181, 1, '2023-04-13'),
(48, 110, 3, '2022-09-25'),
(87, 29, 4, '2025-04-16'),
(44, 58, 3, '2023-10-23'),
(49, 182, 2, '2023-10-20'),
(51, 264, 3, '2024-09-02'),
(24, 256, 2, '2024-10-14'),
(36, 221, 2, '2024-02-17'),
(25, 319, 1, '2025-02-04'),
(69, 416, 3, '2024-10-29'),
(99, 39, 2, '2024-02-08'),
(2, 106, 3, '2023-07-07'),
(29, 209, 3, '2023-05-08'),
(91, 431, 5, '2023-12-04'),
(54, 153, 2, '2024-01-19'),
(80, 16, 4, '2024-03-20'),
(81, 408, 1, '2024-11-28'),
(46, 298, 5, '2022-09-06'),
(89, 92, 3, '2023-01-22'),
(79, 484, 3, '2025-06-17'),
(11, 429, 3, '2025-04-10'),
(22, 340, 1, '2022-12-26'),
(1, 146, 4, '2024-06-23'),
(76, 149, 5, '2024-10-30'),
(87, 186, 4, '2025-02-23'),
(100, 116, 5, '2022-11-23'),
(41, 475, 1, '2025-07-03'),
(5, 125, 2, '2024-12-10'),
(9, 123, 4, '2025-03-28'),
(61, 124, 3, '2023-06-11'),
(68, 410, 1, '2023-03-12'),
(12, 268, 1, '2022-12-30'),
(25, 58, 3, '2024-12-20'),
(85, 81, 2, '2023-01-15'),
(28, 221, 2, '2024-09-01'),
(63, 188, 1, '2024-08-05'),
(47, 243, 4, '2024-04-15'),
(57, 37, 1, '2023-02-13'),
(56, 310, 5, '2023-02-10'),
(5, 246, 5, '2022-07-18'),
(15, 278, 5, '2023-10-13'),
(91, 435, 2, '2022-12-03'),
(31, 393, 5, '2024-12-22'),
(88, 128, 3, '2022-11-17'),
(89, 343, 4, '2022-11-06'),
(65, 135, 3, '2024-08-07'),
(19, 266, 1, '2024-12-24'),
(79, 79, 5, '2025-01-24'),
(91, 44, 3, '2022-11-13'),
(13, 381, 4, '2023-12-19'),
(77, 109, 1, '2022-12-03'),
(53, 435, 5, '2025-04-10'),
(71, 331, 4, '2024-08-08'),
(56, 431, 5, '2024-03-28'),
(12, 263, 3, '2024-06-24'),
(49, 410, 1, '2025-03-28'),
(50, 146, 3, '2025-03-10'),
(75, 319, 2, '2023-10-13'),
(34, 40, 3, '2023-06-13'),
(92, 399, 3, '2022-08-08'),
(17, 207, 1, '2023-02-17'),
(39, 118, 1, '2023-11-12'),
(10, 329, 5, '2023-09-18'),
(19, 158, 1, '2023-02-15'),
(57, 23, 4, '2023-07-26'),
(85, 332, 1, '2022-10-12'),
(91, 403, 2, '2022-09-30'),
(30, 167, 5, '2023-03-21'),
(55, 489, 1, '2023-06-07'),
(48, 212, 1, '2023-03-19'),
(84, 144, 3, '2024-11-23'),
(60, 415, 5, '2025-03-24'),
(24, 102, 5, '2022-11-23'),
(47, 323, 4, '2023-04-03'),
(42, 254, 1, '2025-03-01'),
(33, 196, 1, '2022-09-01'),
(10, 203, 4, '2025-06-12'),
(44, 205, 2, '2023-04-30'),
(4, 407, 1, '2024-11-04'),
(64, 412, 4, '2024-07-30'),
(68, 135, 4, '2024-11-20'),
(88, 388, 1, '2022-11-06'),
(65, 395, 4, '2023-04-19'),
(40, 82, 2, '2024-04-19'),
(4, 7, 4, '2024-01-19'),
(74, 471, 3, '2024-09-19'),
(41, 294, 4, '2023-12-17'),
(15, 165, 1, '2023-04-17'),
(86, 463, 3, '2023-04-06'),
(19, 373, 1, '2022-11-25'),
(63, 169, 4, '2023-06-03'),
(59, 455, 1, '2024-08-06'),
(1, 257, 1, '2024-12-02'),
(74, 89, 5, '2022-12-23'),
(33, 326, 3, '2023-07-29'),
(67, 50, 5, '2024-05-03'),
(28, 458, 5, '2024-12-31'),
(56, 300, 4, '2024-01-13'),
(32, 92, 2, '2024-10-23');

